duration,uniform_250,uniform_350,gaus_250,gaus_350
1,1192739,11976,2644846,25712
2,779689,10539,1486948,21954
3,541090,9717,871955,19447
4,389455,8955,523917,17564
5,288740,8467,320429,15537
6,219244,7617,199124,13969
7,170882,7279,124460,12725
8,133626,7065,78640,11769
9,107017,6496,50798,10713
10,87105,6133,32420,9871
11,71331,5841,21275,9078
12,59414,5460,13764,8540
13,49180,5429,9109,7990
14,41663,5088,5960,7412
15,35279,5013,4011,6962
16,30401,4784,2709,6514
17,26503,4558,1791,6238
18,22735,4463,1153,5894
19,20017,4257,810,5440
20,17225,4011,559,5234
21,15287,3970,359,5084
22,13550,3954,272,4817
23,11924,3747,173,4624
24,10601,3654,114,4471
25,9379,3507,87,4249
26,8391,3415,60,4095
27,7532,3332,42,3653
28,6980,3272,31,3798
29,6101,3173,13,3526
30,5413,3055,13,3472
31,4862,2995,5,3364
32,4324,2948,5,3188
33,3947,2908,6,3024
34,3611,2811,6,3011
35,3354,2763,1,2882
36,2877,2637,2,2806
37,2529,2593,1,2594
38,2347,2652,,2704
39,2156,2547,1,2650
40,1975,2479,,2554
41,1772,2318,,2496
42,1611,2339,1,2285
43,1490,2272,,2321
44,1344,2117,,2223
45,1171,2169,,2161
46,1156,2167,,2057
47,940,2164,,2025
48,929,2111,,1964
49,856,1986,,1975
50,777,1964,,1851
51,700,1905,,1812
52,663,1878,,1801
53,616,1917,,1753
54,512,1876,,1762
55,483,1788,,1603
56,435,1667,,1567
57,386,1707,,1616
58,348,1736,,1504
59,329,1747,,1523
60,305,1643,,1487
61,316,1570,,1437
62,231,1566,,1379
63,237,1535,,1375
64,213,1611,,1365
65,199,1484,,1375
66,194,1461,,1300
67,174,1505,,1254
68,158,1437,,1260
69,143,1371,,1239
70,130,1351,,1214
71,113,1386,,1133
72,112,1372,,1114
73,108,1304,,1081
74,88,1298,,1059
75,69,1262,,1051
76,96,1266,,974
77,68,1264,,1029
78,76,1206,,954
79,73,1159,,954
80,66,1126,,949
81,47,1083,,939
82,47,1147,,881
83,41,1108,,947
84,42,1080,,896
85,34,1112,,840
86,26,1078,,817
87,27,1013,,757
88,19,1010,,791
89,24,991,,795
90,25,991,,760
91,25,1001,,719
92,24,1017,,733
93,20,953,,747
94,18,927,,710
95,18,879,,678
96,20,912,,685
97,16,891,,705
98,10,901,,632
99,11,903,,667
100,8,838,,626
101,13,861,,657
102,6,807,,630
103,6,822,,616
104,8,835,,628
105,3,842,,564
106,8,820,,622
107,6,838,,541
108,5,764,,578
109,5,724,,521
110,3,741,,549
111,5,723,,561
112,4,701,,491
113,3,697,,510
114,5,705,,495
115,5,676,,467
116,4,676,,524
117,1,661,,447
118,1,676,,458
119,2,626,,471
120,,617,,491
121,2,586,,422
122,1,642,,419
123,1,596,,463
124,1,603,,372
125,1,618,,414
126,1,598,,409
127,,595,,399
128,,584,,415
129,,570,,428
130,1,544,,366
131,1,606,,375
132,,554,,382
133,1,525,,389
134,1,504,,366
135,,521,,398
136,,474,,356
137,2,525,,361
138,,484,,349
139,1,495,,350
140,2,497,,358
141,2,426,,320
142,1,493,,295
143,1,460,,328
144,,469,,300
145,,455,,267
146,,502,,287
147,,476,,311
148,,454,,319
149,,447,,308
150,,414,,282
151,1,422,,309
152,,426,,288
153,,373,,251
154,,393,,296
155,,425,,284
156,,404,,293
157,,406,,260
158,,383,,258
159,,382,,276
160,,393,,255
161,,354,,225
162,,400,,228
163,,372,,238
164,,404,,263
165,,345,,235
166,,328,,246
167,,327,,243
168,,358,,244
169,,369,,219
170,,356,,226
171,,308,,242
172,,327,,239
173,,307,,218
174,,323,,239
175,,308,,205
176,,335,,202
177,,280,,207
178,,304,,194
179,,326,,205
180,,294,,192
181,,253,,192
182,,294,,197
183,,288,,199
184,,320,,197
185,,318,,163
186,,285,,193
187,,265,,200
188,,260,,198
189,,262,,187
190,,279,,165
191,,259,,174
192,,253,,170
193,,275,,164
194,,256,,188
195,,252,,197
196,,232,,182
197,,236,,161
198,,240,,166
199,,233,,154
200,,233,,165
201,,231,,154
202,,249,,169
203,,217,,150
204,,210,,156
205,,213,,172
206,,223,,165
207,,229,,173
208,,195,,148
209,,214,,173
210,,215,,133
211,,184,,155
212,,228,,162
213,,219,,163
214,,196,,166
215,,187,,152
216,,185,,146
217,,199,,156
218,,201,,142
219,,202,,136
220,,170,,126
221,,186,,135
222,,176,,141
223,,165,,141
224,,177,,136
225,,179,,111
226,,172,,141
227,,180,,128
228,,161,,136
229,,163,,131
230,,176,,145
231,,174,,115
232,,164,,124
233,,158,,120
234,,159,,135
235,,179,,140
236,,169,,128
237,,172,,116
238,,165,,120
239,,139,,112
240,,151,,111
241,,159,,115
242,,157,,106
243,,143,,112
244,,166,,104
245,,164,,106
246,,153,,112
247,,146,,107
248,,140,,95
249,,148,,107
250,,150,,116
251,,159,,112
252,,135,,94
253,,114,,117
254,,149,,126
255,,138,,90
256,,118,,113
257,,129,,121
258,,117,,112
259,,129,,96
260,,126,,97
261,,120,,96
262,,128,,103
263,,109,,106
264,,95,,103
265,,110,,85
266,,121,,100
267,,133,,114
268,,128,,75
269,,100,,89
270,,122,,103
271,,127,,84
272,,88,,88
273,,127,,104
274,,89,,99
275,,116,,98
276,,102,,79
277,,101,,113
278,,110,,84
279,,112,,92
280,,94,,105
281,,102,,82
282,,114,,80
283,,96,,106
284,,103,,72
285,,106,,82
286,,80,,81
287,,95,,90
288,,88,,53
289,,89,,82
290,,89,,89
291,,98,,84
292,,86,,74
293,,101,,81
294,,95,,74
295,,77,,88
296,,84,,79
297,,95,,83
298,,78,,79
299,,124,,74
300,,86,,76
301,,76,,87
302,,72,,67
303,,94,,83
304,,77,,73
305,,71,,70
306,,82,,82
307,,79,,67
308,,74,,66
309,,64,,73
310,,83,,89
311,,89,,96
312,,73,,65
313,,65,,63
314,,70,,82
315,,71,,55
316,,72,,90
317,,87,,68
318,,82,,60
319,,65,,74
320,,98,,55
321,,96,,80
322,,75,,67
323,,60,,80
324,,74,,81
325,,97,,68
326,,73,,76
327,,53,,67
328,,73,,67
329,,70,,70
330,,85,,73
331,,72,,69
332,,70,,75
333,,58,,63
334,,81,,63
335,,56,,63
336,,72,,65
337,,57,,56
338,,56,,69
339,,55,,59
340,,61,,81
341,,53,,49
342,,60,,66
343,,76,,72
344,,75,,70
345,,62,,52
346,,58,,55
347,,71,,69
348,,63,,52
349,,61,,58
350,,59,,65
351,,54,,68
352,,63,,59
353,,50,,67
354,,68,,57
355,,50,,53
356,,63,,69
357,,46,,59
358,,52,,61
359,,53,,58
360,,55,,52
361,,54,,51
362,,44,,68
363,,44,,48
364,,62,,53
365,,52,,64
366,,54,,57
367,,51,,66
368,,48,,53
369,,57,,64
370,,49,,44
371,,46,,46
372,,51,,56
373,,49,,70
374,,59,,48
375,,45,,67
376,,55,,61
377,,54,,53
378,,43,,42
379,,55,,58
380,,55,,54
381,,46,,42
382,,49,,48
383,,56,,56
384,,44,,48
385,,53,,51
386,,52,,61
387,,45,,55
388,,56,,54
389,,50,,56
390,,42,,61
391,,42,,51
392,,46,,48
393,,48,,45
394,,53,,43
395,,47,,40
396,,37,,48
397,,57,,49
398,,37,,59
399,,33,,39
400,,49,,44
401,,38,,43
402,,42,,35
403,,45,,42
404,,52,,56
405,,43,,51
406,,42,,43
407,,41,,55
408,,40,,42
409,,46,,43
410,,57,,53
411,,38,,43
412,,54,,35
413,,43,,29
414,,41,,43
415,,33,,42
416,,44,,42
417,,39,,49
418,,29,,43
419,,41,,44
420,,46,,55
421,,41,,40
422,,36,,58
423,,39,,44
424,,34,,34
425,,43,,46
426,,31,,41
427,,34,,42
428,,34,,42
429,,39,,42
430,,45,,33
431,,31,,38
432,,38,,50
433,,42,,33
434,,35,,44
435,,26,,39
436,,27,,44
437,,46,,40
438,,41,,33
439,,39,,43
440,,41,,38
441,,39,,45
442,,38,,33
443,,33,,34
444,,31,,35
445,,41,,45
446,,25,,36
447,,41,,40
448,,36,,43
449,,40,,48
450,,40,,24
451,,31,,40
452,,30,,33
453,,33,,33
454,,26,,43
455,,34,,33
456,,27,,22
457,,43,,30
458,,32,,41
459,,39,,26
460,,34,,40
461,,47,,30
462,,34,,35
463,,40,,36
464,,21,,43
465,,28,,28
466,,34,,28
467,,26,,38
468,,28,,22
469,,38,,28
470,,29,,42
471,,32,,43
472,,30,,38
473,,30,,40
474,,38,,40
475,,25,,33
476,,26,,30
477,,23,,32
478,,32,,32
479,,25,,27
480,,26,,42
481,,28,,44
482,,23,,25
483,,24,,37
484,,31,,28
485,,20,,25
486,,22,,37
487,,23,,28
488,,27,,37
489,,31,,32
490,,23,,30
491,,21,,38
492,,29,,36
493,,24,,31
494,,26,,22
495,,26,,32
496,,30,,39
497,,35,,32
498,,34,,28
499,,24,,33
500,,21,,32
501,,25,,32
502,,29,,29
503,,16,,34
504,,14,,30
505,,29,,23
506,,24,,31
507,,31,,24
508,,26,,29
509,,20,,32
510,,32,,33
511,,20,,32
512,,20,,26
513,,19,,26
514,,22,,32
515,,19,,26
516,,25,,28
517,,19,,19
518,,18,,22
519,,21,,25
520,,17,,27
521,,23,,36
522,,20,,22
523,,27,,33
524,,20,,31
525,,24,,33
526,,30,,33
527,,18,,28
528,,16,,24
529,,25,,24
530,,19,,26
531,,21,,29
532,,30,,26
533,,25,,24
534,,21,,33
535,,27,,35
536,,25,,38
537,,19,,31
538,,27,,31
539,,23,,22
540,,29,,28
541,,20,,27
542,,20,,31
543,,15,,34
544,,23,,26
545,,18,,25
546,,32,,29
547,,23,,20
548,,26,,26
549,,14,,23
550,,26,,16
551,,19,,18
552,,23,,23
553,,17,,26
554,,11,,25
555,,14,,14
556,,21,,22
557,,18,,20
558,,16,,25
559,,17,,23
560,,26,,27
561,,21,,32
562,,11,,26
563,,19,,20
564,,16,,25
565,,25,,23
566,,22,,18
567,,18,,18
568,,18,,25
569,,28,,29
570,,14,,24
571,,19,,23
572,,17,,16
573,,19,,29
574,,20,,33
575,,25,,23
576,,14,,22
577,,22,,20
578,,14,,25
579,,21,,36
580,,7,,26
581,,18,,18
582,,21,,17
583,,15,,18
584,,19,,23
585,,22,,27
586,,15,,26
587,,11,,28
588,,21,,21
589,,15,,26
590,,15,,19
591,,16,,24
592,,18,,27
593,,11,,18
594,,21,,16
595,,24,,18
596,,21,,30
597,,21,,27
598,,18,,31
599,,19,,26
600,,14,,21
601,,20,,28
602,,12,,17
603,,14,,28
604,,18,,23
605,,21,,21
606,,18,,23
607,,13,,18
608,,14,,14
609,,8,,28
610,,16,,11
611,,13,,19
612,,19,,19
613,,18,,18
614,,11,,20
615,,18,,20
616,,14,,21
617,,17,,18
618,,18,,23
619,,21,,22
620,,17,,23
621,,19,,17
622,,27,,24
623,,11,,8
624,,10,,18
625,,17,,19
626,,10,,22
627,,19,,14
628,,12,,28
629,,17,,16
630,,8,,17
631,,12,,21
632,,10,,16
633,,14,,13
634,,16,,22
635,,18,,13
636,,9,,13
637,,18,,26
638,,18,,17
639,,12,,22
640,,18,,18
641,,16,,11
642,,18,,19
643,,12,,23
644,,12,,24
645,,13,,12
646,,16,,20
647,,14,,21
648,,13,,18
649,,20,,14
650,,10,,15
651,,15,,19
652,,10,,31
653,,10,,18
654,,20,,24
655,,14,,23
656,,9,,16
657,,8,,18
658,,10,,14
659,,19,,17
660,,19,,23
661,,12,,10
662,,11,,18
663,,17,,12
664,,18,,15
665,,11,,18
666,,14,,15
667,,13,,22
668,,11,,15
669,,15,,10
670,,20,,25
671,,7,,19
672,,14,,12
673,,8,,16
674,,17,,24
675,,8,,12
676,,10,,16
677,,12,,13
678,,15,,13
679,,10,,20
680,,7,,17
681,,16,,13
682,,10,,16
683,,14,,25
684,,16,,12
685,,15,,8
686,,15,,15
687,,9,,19
688,,11,,17
689,,4,,14
690,,13,,12
691,,16,,17
692,,11,,13
693,,11,,21
694,,7,,11
695,,11,,13
696,,14,,13
697,,10,,17
698,,17,,15
699,,15,,13
700,,9,,12
701,,10,,19
702,,8,,21
703,,10,,10
704,,15,,3
705,,12,,13
706,,12,,19
707,,10,,11
708,,8,,19
709,,15,,12
710,,8,,6
711,,13,,12
712,,13,,17
713,,10,,14
714,,16,,13
715,,12,,10
716,,10,,7
717,,14,,20
718,,12,,22
719,,5,,13
720,,4,,16
721,,10,,13
722,,11,,13
723,,11,,14
724,,12,,14
725,,11,,26
726,,10,,13
727,,11,,21
728,,7,,14
729,,12,,15
730,,17,,12
731,,8,,16
732,,11,,14
733,,12,,12
734,,10,,12
735,,9,,16
736,,5,,16
737,,12,,20
738,,5,,13
739,,10,,16
740,,13,,11
741,,6,,10
742,,11,,11
743,,9,,18
744,,9,,13
745,,10,,16
746,,12,,10
747,,10,,12
748,,9,,10
749,,7,,9
750,,9,,16
751,,9,,14
752,,10,,11
753,,8,,10
754,,13,,14
755,,11,,12
756,,6,,14
757,,10,,14
758,,15,,16
759,,20,,12
760,,10,,12
761,,11,,16
762,,14,,13
763,,10,,12
764,,7,,17
765,,9,,7
766,,5,,11
767,,9,,8
768,,13,,9
769,,7,,8
770,,6,,13
771,,10,,10
772,,9,,13
773,,11,,8
774,,11,,8
775,,7,,14
776,,8,,12
777,,10,,13
778,,11,,8
779,,9,,8
780,,6,,13
781,,11,,13
782,,10,,14
783,,13,,9
784,,9,,14
785,,11,,16
786,,8,,9
787,,6,,13
788,,14,,16
789,,6,,9
790,,2,,7
791,,6,,8
792,,4,,7
793,,7,,7
794,,9,,9
795,,7,,14
796,,3,,9
797,,10,,12
798,,13,,11
799,,7,,12
800,,12,,8
801,,5,,12
802,,6,,9
803,,7,,10
804,,6,,10
805,,9,,8
806,,12,,15
807,,3,,10
808,,10,,12
809,,12,,12
810,,14,,9
811,,11,,13
812,,3,,10
813,,12,,14
814,,6,,11
815,,7,,6
816,,3,,16
817,,7,,10
818,,8,,12
819,,7,,10
820,,11,,9
821,,8,,9
822,,15,,12
823,,4,,6
824,,8,,11
825,,12,,13
826,,7,,14
827,,4,,8
828,,3,,11
829,,5,,5
830,,11,,11
831,,10,,13
832,,8,,11
833,,5,,12
834,,7,,10
835,,9,,9
836,,11,,14
837,,4,,13
838,,2,,17
839,,3,,9
840,,4,,5
841,,8,,18
842,,10,,13
843,,6,,9
844,,8,,10
845,,6,,5
846,,4,,9
847,,7,,11
848,,4,,14
849,,10,,7
850,,8,,8
851,,2,,13
852,,6,,13
853,,1,,13
854,,9,,9
855,,12,,9
856,,3,,9
857,,7,,10
858,,5,,7
859,,5,,5
860,,10,,9
861,,9,,7
862,,6,,7
863,,2,,7
864,,6,,10
865,,4,,9
866,,8,,4
867,,8,,13
868,,4,,5
869,,6,,11
870,,11,,14
871,,8,,16
872,,4,,11
873,,6,,13
874,,6,,10
875,,7,,10
876,,7,,7
877,,6,,5
878,,4,,9
879,,2,,13
880,,4,,8
881,,4,,9
882,,10,,8
883,,5,,15
884,,8,,10
885,,7,,14
886,,8,,10
887,,9,,4
888,,9,,11
889,,10,,12
890,,8,,7
891,,9,,6
892,,4,,14
893,,5,,13
894,,8,,12
895,,12,,8
896,,6,,11
897,,4,,7
898,,4,,5
899,,5,,10
900,,9,,8
901,,7,,10
902,,7,,6
903,,4,,6
904,,3,,8
905,,5,,11
906,,8,,12
907,,7,,10
908,,7,,8
909,,9,,14
910,,11,,8
911,,9,,7
912,,5,,6
913,,9,,10
914,,8,,11
915,,5,,9
916,,5,,7
917,,5,,9
918,,5,,6
919,,10,,9
920,,6,,10
921,,3,,7
922,,6,,6
923,,3,,8
924,,6,,8
925,,8,,9
926,,6,,9
927,,7,,9
928,,12,,6
929,,9,,7
930,,8,,10
931,,3,,14
932,,2,,15
933,,,,4
934,,4,,10
935,,8,,8
936,,9,,8
937,,3,,7
938,,5,,8
939,,3,,8
940,,5,,9
941,,7,,9
942,,6,,10
943,,2,,6
944,,8,,9
945,,5,,9
946,,5,,3
947,,5,,6
948,,3,,7
949,,7,,8
950,,6,,11
951,,5,,5
952,,4,,8
953,,3,,7
954,,4,,7
955,,2,,1
956,,1,,6
957,,5,,7
958,,9,,5
959,,7,,7
960,,8,,2
961,,4,,6
962,,6,,9
963,,,,6
964,,4,,7
965,,7,,14
966,,3,,9
967,,4,,7
968,,8,,10
969,,3,,6
970,,7,,6
971,,8,,4
972,,3,,10
973,,7,,10
974,,1,,7
975,,6,,9
976,,10,,6
977,,5,,6
978,,9,,5
979,,5,,2
980,,6,,6
981,,3,,9
982,,3,,4
983,,3,,9
984,,1,,3
985,,3,,6
986,,3,,10
987,,5,,6
988,,2,,5
989,,8,,10
990,,5,,9
991,,4,,3
992,,7,,4
993,,8,,3
994,,3,,7
995,,6,,9
996,,4,,8
997,,5,,3
998,,5,,8
999,,6,,6
1000,,7,,5
1001,,5,,8
1002,,2,,5
1003,,4,,4
1004,,3,,3
1005,,4,,4
1006,,4,,8
1007,,4,,5
1008,,4,,12
1009,,5,,7
1010,,5,,6
1011,,4,,6
1012,,6,,8
1013,,6,,7
1014,,10,,7
1015,,1,,9
1016,,8,,7
1017,,4,,6
1018,,3,,4
1019,,6,,8
1020,,5,,5
1021,,3,,14
1022,,5,,
1023,,2,,6
1024,,3,,4
1025,,5,,7
1026,,4,,4
1027,,5,,7
1028,,8,,8
1029,,5,,2
1030,,3,,8
1031,,5,,4
1032,,4,,7
1033,,3,,3
1034,,4,,4
1035,,3,,3
1036,,6,,4
1037,,2,,7
1038,,7,,4
1039,,5,,6
1040,,5,,7
1041,,3,,3
1042,,,,8
1043,,3,,4
1044,,1,,4
1045,,3,,7
1046,,2,,4
1047,,5,,2
1048,,1,,4
1049,,5,,3
1050,,3,,2
1051,,5,,5
1052,,4,,6
1053,,3,,4
1054,,3,,6
1055,,7,,8
1056,,5,,7
1057,,3,,7
1058,,5,,7
1059,,6,,4
1060,,3,,3
1061,,4,,4
1062,,4,,1
1063,,5,,5
1064,,3,,11
1065,,2,,3
1066,,3,,5
1067,,2,,8
1068,,3,,5
1069,,6,,7
1070,,4,,5
1071,,3,,6
1072,,6,,4
1073,,6,,5
1074,,,,11
1075,,2,,13
1076,,7,,7
1077,,2,,5
1078,,2,,9
1079,,1,,7
1080,,7,,3
1081,,6,,9
1082,,1,,7
1083,,3,,4
1084,,6,,5
1085,,3,,5
1086,,3,,5
1087,,2,,5
1088,,2,,7
1089,,2,,9
1090,,1,,7
1091,,6,,5
1092,,2,,7
1093,,5,,4
1094,,4,,8
1095,,6,,7
1096,,3,,4
1097,,1,,6
1098,,2,,4
1099,,3,,7
1100,,4,,2
1101,,2,,4
1102,,,,6
1103,,4,,4
1104,,2,,4
1105,,3,,4
1106,,9,,5
1107,,1,,5
1108,,6,,5
1109,,5,,3
1110,,4,,6
1111,,1,,3
1112,,4,,1
1113,,3,,5
1114,,,,6
1115,,2,,4
1116,,2,,5
1117,,,,2
1118,,7,,5
1119,,2,,2
1120,,1,,3
1121,,6,,3
1122,,2,,5
1123,,2,,5
1124,,5,,4
1125,,7,,3
1126,,7,,8
1127,,5,,5
1128,,4,,4
1129,,7,,3
1130,,8,,5
1131,,3,,5
1132,,4,,3
1133,,5,,3
1134,,2,,2
1135,,2,,8
1136,,2,,6
1137,,1,,3
1138,,7,,6
1139,,3,,4
1140,,3,,3
1141,,2,,9
1142,,3,,6
1143,,7,,3
1144,,1,,5
1145,,3,,5
1146,,5,,8
1147,,3,,6
1148,,5,,7
1149,,6,,1
1150,,2,,3
1151,,4,,5
1152,,5,,2
1153,,4,,6
1154,,2,,5
1155,,2,,10
1156,,2,,5
1157,,,,8
1158,,4,,1
1159,,7,,6
1160,,3,,5
1161,,1,,3
1162,,,,8
1163,,2,,3
1164,,2,,
1165,,2,,3
1166,,,,4
1167,,3,,
1168,,2,,4
1169,,3,,6
1170,,4,,7
1171,,2,,10
1172,,3,,8
1173,,2,,8
1174,,,,3
1175,,,,4
1176,,4,,3
1177,,2,,5
1178,,4,,2
1179,,6,,4
1180,,2,,4
1181,,4,,5
1182,,2,,6
1183,,2,,3
1184,,3,,3
1185,,2,,5
1186,,2,,5
1187,,3,,
1188,,2,,2
1189,,5,,5
1190,,5,,4
1191,,3,,1
1192,,2,,5
1193,,4,,2
1194,,5,,6
1195,,4,,6
1196,,4,,4
1197,,1,,4
1198,,6,,1
1199,,2,,7
1200,,1,,6
1201,,,,5
1202,,4,,2
1203,,4,,6
1204,,5,,
1205,,1,,
1206,,4,,6
1207,,4,,5
1208,,5,,6
1209,,2,,2
1210,,2,,2
1211,,2,,3
1212,,2,,1
1213,,3,,3
1214,,3,,10
1215,,2,,3
1216,,3,,8
1217,,2,,1
1218,,1,,3
1219,,6,,6
1220,,2,,6
1221,,1,,7
1222,,,,2
1223,,3,,3
1224,,,,1
1225,,1,,4
1226,,2,,4
1227,,3,,3
1228,,,,3
1229,,,,3
1230,,,,4
1231,,3,,5
1232,,3,,4
1233,,3,,5
1234,,5,,2
1235,,1,,1
1236,,2,,6
1237,,1,,6
1238,,5,,2
1239,,5,,4
1240,,2,,2
1241,,2,,5
1242,,2,,2
1243,,2,,9
1244,,1,,6
1245,,3,,2
1246,,5,,2
1247,,3,,2
1248,,2,,3
1249,,1,,3
1250,,2,,7
1251,,5,,4
1252,,1,,5
1253,,2,,5
1254,,7,,6
1255,,1,,6
1256,,6,,
1257,,2,,1
1258,,3,,1
1259,,3,,1
1260,,4,,6
1261,,4,,1
1262,,2,,2
1263,,,,4
1264,,2,,2
1265,,3,,3
1266,,1,,8
1267,,1,,3
1268,,2,,2
1269,,3,,2
1270,,4,,3
1271,,2,,2
1272,,2,,4
1273,,3,,4
1274,,1,,3
1275,,4,,2
1276,,5,,2
1277,,4,,2
1278,,3,,1
1279,,4,,5
1280,,2,,5
1281,,4,,2
1282,,1,,5
1283,,2,,2
1284,,3,,6
1285,,1,,5
1286,,1,,2
1287,,1,,1
1288,,3,,1
1289,,2,,4
1290,,2,,2
1291,,3,,2
1292,,2,,2
1293,,2,,3
1294,,4,,5
1295,,1,,6
1296,,3,,3
1297,,2,,
1298,,1,,
1299,,,,4
1300,,2,,6
1301,,1,,3
1302,,5,,6
1303,,1,,2
1304,,2,,9
1305,,1,,4
1306,,4,,3
1307,,3,,4
1308,,4,,5
1309,,2,,3
1310,,4,,4
1311,,4,,2
1312,,1,,5
1313,,3,,2
1314,,1,,1
1315,,4,,6
1316,,2,,3
1317,,2,,3
1318,,1,,3
1319,,2,,3
1320,,2,,1
1321,,4,,4
1322,,2,,5
1323,,1,,4
1324,,,,5
1325,,1,,3
1326,,1,,4
1327,,3,,4
1328,,2,,3
1329,,4,,3
1330,,2,,5
1331,,2,,1
1332,,1,,2
1333,,3,,5
1334,,1,,2
1335,,7,,2
1336,,3,,3
1337,,2,,5
1338,,3,,2
1339,,2,,2
1340,,1,,5
1341,,2,,3
1342,,2,,2
1343,,1,,2
1344,,4,,5
1345,,,,4
1346,,3,,3
1347,,4,,1
1348,,1,,2
1349,,,,7
1350,,2,,2
1351,,4,,4
1352,,1,,4
1353,,4,,2
1354,,,,5
1355,,2,,2
1356,,,,3
1357,,1,,2
1358,,3,,3
1359,,,,5
1360,,2,,1
1361,,1,,3
1362,,1,,2
1363,,,,1
1364,,1,,2
1365,,1,,2
1366,,2,,2
1367,,,,2
1368,,3,,4
1369,,1,,3
1370,,6,,2
1371,,5,,1
1372,,2,,4
1373,,,,4
1374,,5,,1
1375,,4,,5
1376,,2,,6
1377,,1,,2
1378,,2,,4
1379,,5,,2
1380,,2,,3
1381,,1,,3
1382,,4,,3
1383,,2,,1
1384,,,,2
1385,,1,,3
1386,,,,3
1387,,2,,3
1388,,4,,
1389,,1,,2
1390,,,,2
1391,,2,,3
1392,,,,5
1393,,3,,2
1394,,4,,1
1395,,2,,2
1396,,1,,2
1397,,3,,
1398,,,,4
1399,,,,3
1400,,3,,7
1401,,,,2
1402,,,,3
1403,,2,,7
1404,,1,,3
1405,,4,,4
1406,,2,,3
1407,,1,,5
1408,,1,,
1409,,1,,3
1410,,2,,2
1411,,1,,2
1412,,1,,3
1413,,1,,4
1414,,3,,2
1415,,4,,3
1416,,2,,2
1417,,1,,3
1418,,2,,6
1419,,2,,3
1420,,1,,2
1421,,2,,3
1422,,1,,1
1423,,2,,2
1424,,1,,3
1425,,1,,2
1426,,2,,4
1427,,6,,
1428,,4,,5
1429,,2,,2
1430,,3,,3
1431,,4,,3
1432,,4,,4
1433,,1,,2
1434,,1,,2
1435,,1,,3
1436,,1,,1
1437,,1,,4
1438,,,,5
1439,,4,,5
1440,,1,,2
1441,,2,,2
1442,,6,,4
1443,,3,,1
1444,,2,,1
1445,,1,,3
1446,,1,,2
1447,,3,,5
1448,,3,,3
1449,,,,2
1450,,1,,4
1451,,1,,3
1452,,2,,4
1453,,,,2
1454,,2,,4
1455,,1,,3
1456,,2,,5
1457,,1,,2
1458,,,,3
1459,,2,,2
1460,,2,,2
1461,,,,2
1462,,3,,3
1463,,4,,2
1464,,4,,1
1465,,5,,1
1466,,2,,4
1467,,1,,2
1468,,3,,1
1469,,4,,3
1470,,,,2
1471,,1,,3
1472,,2,,1
1473,,1,,4
1474,,2,,4
1475,,3,,2
1476,,3,,4
1477,,2,,1
1478,,2,,3
1479,,2,,2
1480,,3,,1
1481,,2,,5
1482,,1,,5
1483,,,,1
1484,,1,,4
1485,,4,,2
1486,,2,,1
1487,,3,,
1488,,2,,4
1489,,3,,
1490,,4,,2
1491,,2,,3
1492,,1,,1
1493,,3,,
1494,,,,4
1495,,1,,1
1496,,2,,2
1497,,2,,2
1498,,3,,2
1499,,1,,1
1500,,2,,
1501,,2,,4
1502,,3,,1
1503,,1,,2
1504,,1,,2
1505,,1,,1
1506,,,,1
1507,,,,3
1508,,2,,5
1509,,2,,6
1510,,,,1
1511,,2,,4
1512,,3,,1
1513,,2,,1
1514,,,,1
1515,,2,,1
1516,,1,,3
1517,,,,6
1518,,1,,1
1519,,,,1
1520,,1,,1
1521,,1,,3
1522,,2,,3
1523,,3,,1
1524,,3,,2
1525,,1,,1
1526,,,,1
1527,,3,,2
1528,,1,,
1529,,1,,
1530,,,,2
1531,,2,,2
1532,,1,,
1533,,,,2
1534,,1,,1
1535,,,,4
1536,,1,,2
1537,,,,1
1538,,1,,4
1539,,1,,2
1540,,1,,
1541,,2,,
1542,,1,,
1543,,,,3
1544,,,,4
1545,,1,,1
1546,,1,,
1547,,,,3
1548,,2,,2
1549,,2,,4
1550,,2,,2
1551,,1,,1
1552,,1,,3
1553,,1,,3
1554,,1,,1
1555,,,,1
1556,,2,,1
1557,,,,2
1558,,2,,1
1559,,3,,1
1560,,,,1
1561,,2,,1
1562,,2,,1
1563,,1,,3
1564,,2,,1
1565,,1,,3
1566,,2,,2
1567,,1,,3
1568,,1,,
1569,,2,,5
1570,,3,,1
1571,,,,4
1572,,1,,4
1573,,,,1
1574,,1,,2
1575,,2,,1
1576,,1,,1
1577,,1,,
1578,,2,,1
1579,,1,,1
1580,,1,,1
1581,,,,2
1582,,,,1
1583,,1,,2
1584,,2,,2
1585,,1,,2
1586,,1,,4
1587,,1,,3
1588,,1,,1
1589,,2,,
1590,,1,,2
1591,,1,,3
1592,,2,,3
1593,,1,,2
1594,,4,,2
1595,,1,,
1596,,2,,1
1597,,1,,3
1598,,1,,
1599,,1,,
1600,,1,,2
1601,,2,,1
1602,,,,1
1603,,,,2
1604,,2,,
1605,,1,,2
1606,,1,,2
1607,,2,,
1608,,1,,3
1609,,2,,2
1610,,1,,1
1611,,1,,1
1612,,,,1
1613,,1,,2
1614,,,,1
1615,,,,4
1616,,,,1
1617,,2,,1
1618,,1,,3
1619,,1,,3
1620,,1,,2
1621,,4,,2
1622,,1,,
1623,,2,,1
1624,,1,,1
1625,,3,,2
1626,,1,,
1627,,1,,
1628,,1,,4
1629,,2,,1
1630,,,,1
1631,,,,2
1632,,1,,3
1633,,1,,1
1634,,,,1
1635,,,,2
1636,,1,,2
1637,,2,,
1638,,1,,
1639,,1,,3
1640,,1,,2
1641,,,,2
1642,,2,,1
1643,,1,,1
1644,,2,,
1645,,2,,4
1646,,,,4
1647,,2,,2
1648,,,,4
1649,,1,,3
1650,,,,5
1651,,,,1
1652,,1,,5
1653,,1,,2
1654,,2,,2
1655,,1,,1
1656,,2,,1
1657,,1,,
1658,,,,1
1659,,3,,
1660,,,,2
1661,,,,2
1662,,,,1
1663,,2,,1
1664,,3,,
1665,,,,4
1666,,1,,1
1667,,,,1
1668,,1,,1
1669,,,,2
1670,,1,,1
1671,,1,,
1672,,,,2
1673,,,,3
1674,,,,3
1675,,2,,1
1676,,1,,1
1677,,2,,3
1678,,1,,1
1679,,3,,1
1680,,,,1
1681,,,,3
1682,,2,,
1683,,,,1
1684,,,,1
1685,,2,,2
1686,,2,,
1687,,2,,1
1688,,,,2
1689,,2,,1
1690,,2,,3
1691,,2,,1
1692,,2,,
1693,,,,1
1694,,,,1
1695,,2,,2
1696,,2,,
1697,,2,,1
1698,,,,3
1699,,1,,
1700,,1,,
1701,,4,,
1702,,,,2
1703,,1,,1
1704,,,,1
1705,,,,1
1706,,,,1
1707,,2,,4
1708,,1,,1
1709,,,,2
1710,,,,1
1711,,,,3
1712,,2,,6
1713,,1,,2
1714,,,,3
1715,,1,,
1716,,,,1
1717,,1,,4
1718,,,,3
1719,,1,,2
1720,,2,,
1721,,2,,
1722,,1,,1
1723,,1,,
1724,,,,1
1725,,1,,1
1726,,,,1
1727,,,,1
1728,,,,1
1729,,1,,1
1730,,2,,1
1731,,2,,1
1732,,1,,1
1733,,1,,2
1734,,,,3
1735,,,,1
1736,,3,,
1737,,1,,1
1738,,3,,2
1739,,1,,1
1740,,1,,1
1741,,1,,1
1742,,,,2
1743,,3,,
1744,,1,,2
1745,,2,,
1746,,2,,
1747,,,,1
1748,,2,,1
1749,,,,1
1750,,3,,1
1751,,,,3
1752,,,,2
1753,,1,,1
1754,,1,,1
1755,,2,,1
1756,,1,,1
1757,,,,1
1758,,2,,2
1759,,1,,2
1760,,2,,
1761,,2,,
1762,,1,,1
1763,,3,,1
1764,,,,2
1765,,,,2
1766,,,,1
1767,,1,,1
1768,,1,,1
1769,,1,,1
1770,,1,,
1771,,1,,2
1772,,1,,1
1773,,3,,1
1774,,,,1
1775,,2,,2
1776,,1,,
1777,,,,1
1778,,1,,
1779,,,,2
1780,,2,,1
1781,,,,4
1782,,1,,
1783,,2,,2
1784,,,,2
1785,,,,1
1786,,,,1
1787,,2,,1
1788,,2,,
1789,,,,3
1790,,,,1
1791,,1,,1
1792,,,,1
1793,,2,,
1794,,,,1
1795,,1,,
1796,,,,4
1797,,,,2
1798,,1,,
1799,,,,3
1800,,,,1
1801,,1,,
1802,,1,,2
1803,,2,,1
1804,,,,2
1805,,3,,
1806,,1,,1
1807,,2,,2
1808,,2,,3
1809,,1,,2
1810,,1,,1
1811,,2,,
1812,,,,2
1813,,1,,1
1814,,2,,
1815,,2,,2
1816,,1,,
1817,,1,,2
1818,,2,,1
1819,,,,1
1820,,1,,2
1821,,2,,1
1822,,,,1
1823,,,,4
1824,,1,,1
1825,,,,1
1826,,,,2
1827,,1,,1
1828,,,,2
1829,,,,1
1830,,1,,
1831,,,,1
1832,,1,,1
1833,,2,,
1834,,,,1
1835,,,,2
1836,,,,1
1837,,1,,1
1838,,1,,2
1839,,,,2
1840,,1,,
1841,,1,,1
1842,,2,,1
1843,,,,1
1844,,1,,1
1845,,2,,1
1846,,,,1
1847,,1,,2
1848,,,,1
1849,,,,3
1850,,1,,1
1851,,1,,2
1852,,1,,
1853,,1,,
1854,,,,1
1855,,,,2
1856,,1,,
1857,,1,,1
1858,,1,,
1859,,,,1
1860,,,,3
1861,,1,,1
1862,,1,,
1863,,,,2
1864,,1,,1
1865,,,,1
1866,,,,2
1867,,,,3
1868,,,,1
1869,,,,3
1870,,2,,1
1871,,1,,1
1872,,,,1
1873,,3,,
1874,,3,,
1875,,2,,3
1876,,2,,1
1877,,2,,
1878,,,,1
1879,,3,,1
1880,,1,,1
1881,,,,1
1882,,1,,
1883,,1,,
1884,,,,2
1885,,2,,1
1886,,1,,
1887,,1,,
1888,,1,,1
1889,,,,1
1890,,,,1
1891,,,,3
1892,,1,,
1893,,,,1
1894,,,,1
1895,,1,,2
1896,,,,1
1897,,1,,
1898,,,,1
1899,,3,,1
1900,,1,,3
1901,,2,,
1902,,,,3
1903,,1,,1
1904,,,,1
1905,,,,1
1906,,1,,
1907,,,,1
1908,,2,,
1909,,1,,2
1910,,,,3
1911,,1,,1
1912,,1,,2
1913,,1,,1
1914,,1,,
1915,,,,1
1916,,1,,1
1917,,,,3
1918,,1,,2
1919,,,,1
1920,,,,1
1921,,1,,1
1922,,,,1
1923,,2,,2
1924,,2,,
1925,,2,,2
1926,,1,,
1927,,2,,
1928,,1,,1
1929,,2,,2
1930,,2,,1
1931,,,,1
1932,,,,1
1933,,1,,
1934,,,,2
1935,,3,,2
1936,,,,1
1937,,1,,
1938,,1,,
1939,,,,1
1940,,,,2
1941,,1,,1
1942,,1,,
1943,,,,1
1944,,2,,
1945,,,,1
1946,,,,1
1947,,,,2
1948,,,,1
1949,,,,2
1950,,,,1
1951,,2,,
1952,,1,,2
1953,,1,,
1954,,,,5
1955,,1,,1
1956,,,,1
1957,,,,1
1958,,1,,1
1959,,1,,
1960,,,,1
1961,,,,1
1962,,1,,
1963,,,,2
1964,,1,,
1965,,1,,
1966,,,,1
1967,,1,,
1968,,1,,1
1969,,,,2
1970,,,,2
1971,,1,,
1972,,,,1
1973,,,,1
1974,,,,2
1975,,,,2
1976,,1,,1
1977,,1,,
1978,,,,1
1979,,,,1
1980,,,,1
1981,,1,,
1982,,1,,
1983,,1,,2
1984,,1,,2
1985,,,,1
1986,,,,1
1987,,1,,1
1988,,1,,1
1989,,,,2
1990,,1,,1
1991,,1,,
1992,,,,1
1993,,1,,
1994,,2,,2
1995,,,,1
1996,,,,1
1997,,,,2
1998,,,,1
1999,,2,,
2000,,2,,
2001,,1,,1
2002,,1,,
2003,,2,,2
2004,,1,,
2005,,1,,1
2006,,1,,
2007,,1,,
2008,,,,1
2009,,,,1
2010,,1,,
2011,,,,2
2012,,1,,3
2013,,,,1
2014,,,,2
2015,,,,1
2016,,1,,
2017,,1,,
2018,,1,,2
2019,,,,1
2020,,,,1
2021,,,,1
2022,,,,2
2023,,,,1
2024,,1,,
2025,,,,2
2026,,1,,2
2027,,1,,1
2028,,1,,1
2029,,1,,2
2030,,,,1
2031,,1,,
2032,,,,1
2033,,,,1
2034,,,,1
2035,,1,,1
2036,,,,1
2037,,1,,
2038,,,,2
2039,,1,,1
2040,,2,,1
2041,,2,,1
2042,,2,,2
2043,,,,2
2044,,,,1
2045,,2,,1
2046,,1,,
2047,,,,2
2048,,1,,
2049,,2,,
2050,,1,,
2051,,,,2
2052,,,,1
2053,,1,,1
2054,,1,,
2055,,1,,
2056,,1,,
2057,,,,1
2058,,2,,
2059,,1,,
2060,,,,2
2061,,,,1
2062,,1,,
2063,,2,,
2064,,2,,1
2065,,,,1
2066,,1,,
2067,,1,,1
2068,,2,,
2069,,,,1
2070,,1,,
2071,,,,1
2072,,,,1
2073,,1,,
2074,,,,1
2075,,,,1
2076,,,,2
2077,,1,,
2078,,2,,
2079,,1,,1
2080,,,,1
2081,,,,1
2082,,1,,
2083,,,,1
2084,,2,,1
2085,,,,2
2086,,,,1
2087,,1,,1
2088,,1,,1
2089,,,,1
2090,,2,,1
2091,,,,1
2092,,,,1
2093,,,,1
2094,,1,,
2095,,1,,
2096,,2,,1
2097,,1,,1
2098,,1,,
2099,,1,,
2100,,,,1
2101,,1,,
2102,,1,,
2103,,,,1
2104,,1,,
2105,,1,,
2106,,,,1
2107,,1,,
2108,,,,1
2109,,,,1
2110,,1,,
2111,,,,1
2112,,1,,
2113,,1,,1
2114,,2,,
2115,,,,1
2116,,1,,
2117,,,,1
2118,,,,1
2119,,1,,
2120,,1,,
2121,,1,,
2122,,,,1
2123,,,,1
2124,,,,1
2125,,1,,1
2126,,1,,
2127,,2,,
2128,,1,,1
2129,,,,1
2130,,1,,1
2131,,,,1
2132,,1,,
2133,,,,1
2134,,1,,
2135,,2,,
2136,,1,,
2137,,,,1
2138,,1,,
2139,,1,,
2140,,,,1
2141,,1,,
2142,,1,,
2143,,,,1
2144,,5,,
2145,,1,,1
2146,,1,,
2147,,1,,
2148,,,,2
2149,,,,2
2150,,,,1
2151,,1,,1
2152,,,,1
2153,,1,,
2154,,1,,
2155,,,,1
2156,,1,,2
2157,,1,,
2158,,1,,
2159,,1,,1
2160,,2,,
2161,,,,1
2162,,,,1
2163,,,,1
2164,,,,1
2165,,1,,1
2166,,,,1
2167,,1,,
2168,,1,,
2169,,5,,
2170,,2,,
2171,,1,,
2172,,1,,1
2173,,1,,
2174,,1,,
2175,,,,2
2176,,2,,
2177,,1,,
2178,,1,,1
2179,,2,,1
2180,,,,1
2181,,,,1
2182,,2,,
2183,,1,,
2184,,,,1
2185,,,,1
2186,,,,1
2187,,2,,
2188,,2,,
2189,,,,1
2190,,,,1
2191,,,,1
2192,,,,1
2193,,1,,1
2194,,,,1
2195,,1,,
2196,,2,,1
2197,,1,,1
2198,,1,,1
2199,,,,1
2200,,1,,
2201,,1,,
2202,,2,,
2203,,1,,
2204,,2,,
2205,,,,1
2206,,,,1
2207,,1,,1
2208,,1,,1
2209,,1,,
2210,,1,,
2211,,1,,
2212,,1,,
2213,,,,1
2214,,,,1
2215,,2,,1
2216,,1,,
2217,,,,1
2218,,,,1
2219,,,,1
2220,,,,2
2221,,1,,
2222,,1,,
2223,,,,1
2224,,,,1
2225,,,,1
2226,,1,,
2227,,1,,
2228,,,,2
2229,,,,1
2230,,,,1
2231,,1,,
2232,,,,1
2233,,1,,
2234,,1,,
2235,,,,1
2236,,1,,
2237,,1,,1
2238,,,,1
2239,,,,1
2240,,,,1
2241,,1,,
2242,,1,,
2243,,,,1
2244,,1,,
2245,,,,1
2246,,,,1
2247,,,,1
2248,,1,,
2249,,,,1
2250,,1,,
2251,,1,,
2252,,,,2
2253,,1,,
2254,,,,1
2255,,2,,
2256,,,,1
2257,,1,,
2258,,,,2
2259,,1,,
2260,,,,1
2261,,1,,
2262,,1,,
2263,,1,,
2264,,1,,
2265,,,,2
2266,,1,,
2267,,,,1
2268,,1,,
2269,,1,,
2270,,1,,
2271,,,,1
2272,,1,,
2273,,1,,
2274,,1,,1
2275,,1,,
2276,,1,,
2277,,1,,
2278,,1,,
2279,,1,,
2280,,,,1
2281,,,,1
2282,,,,1
2283,,1,,
2284,,,,1
2285,,1,,
2286,,2,,1
2287,,1,,1
2288,,,,2
2289,,,,1
2290,,,,1
2291,,1,,
2292,,1,,1
2293,,1,,1
2294,,2,,1
2295,,,,1
2296,,1,,
2297,,,,1
2298,,,,1
2299,,1,,
2300,,1,,
2301,,,,1
2302,,,,1
2303,,1,,
2304,,,,1
2305,,,,1
2306,,1,,
2307,,,,1
2308,,,,1
2309,,1,,
2310,,,,1
2311,,1,,
2312,,,,1
2313,,,,1
2314,,,,1
2315,,1,,
2316,,,,1
2317,,1,,
2318,,1,,
2319,,1,,
2320,,,,2
2321,,1,,
2322,,1,,
2323,,1,,1
2324,,1,,
2325,,1,,
2326,,1,,
2327,,,,1
2328,,1,,
2329,,,,1
2330,,1,,
2331,,2,,
2332,,,,1
2333,,1,,
2334,,,,1
2335,,,,1
2336,,,,1
2337,,,,1
2338,,1,,
2339,,,,1
2340,,,,1
2341,,,,1
2342,,1,,
2343,,,,1
2344,,1,,
2345,,,,1
2346,,1,,1
2347,,1,,
2348,,1,,
2349,,1,,1
2350,,,,1
2351,,,,1
2352,,,,1
2353,,1,,
2354,,,,1
2355,,1,,
2356,,1,,
2357,,,,1
2358,,,,1
2359,,,,2
2360,,,,1
2361,,1,,
2362,,1,,1
2363,,,,1
2364,,1,,2
2365,,,,1
2366,,,,1
2367,,1,,
2368,,,,1
2369,,,,1
2370,,1,,1
2371,,1,,
2372,,1,,
2373,,,,1
2374,,,,1
2375,,,,1
2376,,,,1
2377,,,,1
2378,,,,1
2379,,,,1
2380,,,,1
2381,,2,,
2382,,,,1
2383,,1,,
2384,,,,1
2385,,,,1
2386,,1,,
2387,,,,1
2388,,1,,
2389,,1,,
2390,,,,1
2391,,1,,1
2392,,1,,
2393,,1,,
2394,,1,,
2395,,1,,
2396,,,,1
2397,,1,,
2398,,2,,
2399,,,,1
2400,,,,1
2401,,1,,
2402,,1,,
2403,,1,,
2404,,1,,
2405,,1,,
2406,,,,1
2407,,2,,
2408,,1,,
2409,,1,,
2410,,,,1
2411,,1,,
2412,,,,1
2413,,1,,1
2414,,1,,
2415,,1,,
2416,,,,1
2417,,,,2
2418,,,,2
2419,,,,1
2420,,1,,
2421,,1,,
2422,,1,,
2423,,,,1
2424,,1,,
2425,,,,1
2426,,,,1
2427,,1,,
2428,,1,,
2429,,1,,1
2430,,,,1
2431,,1,,
2432,,1,,
2433,,,,1
2434,,,,1
2435,,,,1
2436,,1,,
2437,,,,1
2438,,1,,
2439,,1,,
2440,,1,,
2441,,,,1
2442,,,,1
2443,,1,,
2444,,1,,
2445,,,,1
2446,,1,,
2447,,,,1
2448,,1,,
2449,,,,1
2450,,1,,
2451,,1,,
2452,,,,1
2453,,,,1
2454,,,,1
2455,,1,,
2456,,1,,
2457,,1,,
2458,,1,,
2459,,,,1
2460,,1,,
2461,,1,,
2462,,,,1
2463,,1,,
2464,,1,,
2465,,1,,
2466,,1,,
2467,,,,1
2468,,,,1
2469,,,,1
2470,,,,1
2471,,1,,
2472,,,,1
2473,,1,,
2474,,1,,
2475,,,,1
2476,,,,1
2477,,1,,
2478,,1,,1
2479,,,,2
2480,,1,,
2481,,1,,
2482,,1,,1
2483,,,,1
2484,,,,1
2485,,1,,
2486,,1,,
2487,,,,1
2488,,1,,
2489,,,,1
2490,,1,,1
2491,,,,1
2492,,,,1
2493,,1,,
2494,,,,1
2495,,,,1
2496,,1,,
2497,,1,,
2498,,1,,
2499,,1,,
2500,,,,1
2501,,,,1
2502,,1,,
2503,,1,,
2504,,1,,
2505,,1,,
2506,,1,,
2507,,,,1
2508,,1,,
2509,,1,,
2510,,,,1
