timestep,value,energy,concentration,equation
1,142333.0,1.00kT,10µM,ED
2,92429.0,1.00kT,10µM,ED
3,72216.0,1.00kT,10µM,ED
4,58183.0,1.00kT,10µM,ED
5,46558.0,1.00kT,10µM,ED
6,37829.0,1.00kT,10µM,ED
7,30887.0,1.00kT,10µM,ED
8,25188.0,1.00kT,10µM,ED
9,20340.0,1.00kT,10µM,ED
10,16951.0,1.00kT,10µM,ED
11,13944.0,1.00kT,10µM,ED
12,11495.0,1.00kT,10µM,ED
13,9609.0,1.00kT,10µM,ED
14,8143.0,1.00kT,10µM,ED
15,6648.0,1.00kT,10µM,ED
16,5529.0,1.00kT,10µM,ED
17,4731.0,1.00kT,10µM,ED
18,4111.0,1.00kT,10µM,ED
19,3434.0,1.00kT,10µM,ED
20,2948.0,1.00kT,10µM,ED
21,2376.0,1.00kT,10µM,ED
22,2143.0,1.00kT,10µM,ED
23,1777.0,1.00kT,10µM,ED
24,1630.0,1.00kT,10µM,ED
25,1404.0,1.00kT,10µM,ED
26,1170.0,1.00kT,10µM,ED
27,978.0,1.00kT,10µM,ED
28,943.0,1.00kT,10µM,ED
29,761.0,1.00kT,10µM,ED
30,737.0,1.00kT,10µM,ED
31,641.0,1.00kT,10µM,ED
32,497.0,1.00kT,10µM,ED
33,439.0,1.00kT,10µM,ED
34,362.0,1.00kT,10µM,ED
35,356.0,1.00kT,10µM,ED
36,343.0,1.00kT,10µM,ED
37,280.0,1.00kT,10µM,ED
38,261.0,1.00kT,10µM,ED
39,226.0,1.00kT,10µM,ED
40,177.0,1.00kT,10µM,ED
41,168.0,1.00kT,10µM,ED
42,155.0,1.00kT,10µM,ED
43,126.0,1.00kT,10µM,ED
44,113.0,1.00kT,10µM,ED
45,111.0,1.00kT,10µM,ED
46,106.0,1.00kT,10µM,ED
47,78.0,1.00kT,10µM,ED
48,68.0,1.00kT,10µM,ED
49,55.0,1.00kT,10µM,ED
51,56.0,1.00kT,10µM,ED
53,35.0,1.00kT,10µM,ED
54,30.0,1.00kT,10µM,ED
56,34.0,1.00kT,10µM,ED
60,28.0,1.00kT,10µM,ED
61,21.0,1.00kT,10µM,ED
64,14.0,1.00kT,10µM,ED
65,13.0,1.00kT,10µM,ED
66,12.0,1.00kT,10µM,ED
69,6.0,1.00kT,10µM,ED
72,8.0,1.00kT,10µM,ED
74,7.0,1.00kT,10µM,ED
82,2.0,1.00kT,10µM,ED
83,3.0,1.00kT,10µM,ED
93,1.0,1.00kT,10µM,ED
1,261598.0,1.00kT,20µM,ED
2,164720.0,1.00kT,20µM,ED
3,128329.0,1.00kT,20µM,ED
4,102797.0,1.00kT,20µM,ED
5,83068.0,1.00kT,20µM,ED
6,67549.0,1.00kT,20µM,ED
7,55417.0,1.00kT,20µM,ED
8,45476.0,1.00kT,20µM,ED
9,37653.0,1.00kT,20µM,ED
10,31655.0,1.00kT,20µM,ED
11,26325.0,1.00kT,20µM,ED
12,22348.0,1.00kT,20µM,ED
13,18479.0,1.00kT,20µM,ED
14,15691.0,1.00kT,20µM,ED
15,13587.0,1.00kT,20µM,ED
16,11739.0,1.00kT,20µM,ED
17,9792.0,1.00kT,20µM,ED
18,8608.0,1.00kT,20µM,ED
19,7311.0,1.00kT,20µM,ED
20,6302.0,1.00kT,20µM,ED
21,5544.0,1.00kT,20µM,ED
22,4884.0,1.00kT,20µM,ED
23,4226.0,1.00kT,20µM,ED
24,3825.0,1.00kT,20µM,ED
25,3324.0,1.00kT,20µM,ED
26,3001.0,1.00kT,20µM,ED
27,2479.0,1.00kT,20µM,ED
28,2256.0,1.00kT,20µM,ED
29,1971.0,1.00kT,20µM,ED
30,1805.0,1.00kT,20µM,ED
31,1610.0,1.00kT,20µM,ED
32,1418.0,1.00kT,20µM,ED
33,1258.0,1.00kT,20µM,ED
34,1128.0,1.00kT,20µM,ED
35,983.0,1.00kT,20µM,ED
36,894.0,1.00kT,20µM,ED
37,805.0,1.00kT,20µM,ED
38,703.0,1.00kT,20µM,ED
39,621.0,1.00kT,20µM,ED
40,639.0,1.00kT,20µM,ED
41,490.0,1.00kT,20µM,ED
42,523.0,1.00kT,20µM,ED
43,384.0,1.00kT,20µM,ED
44,389.0,1.00kT,20µM,ED
45,358.0,1.00kT,20µM,ED
46,297.0,1.00kT,20µM,ED
47,270.0,1.00kT,20µM,ED
48,249.0,1.00kT,20µM,ED
49,245.0,1.00kT,20µM,ED
50,186.0,1.00kT,20µM,ED
51,196.0,1.00kT,20µM,ED
52,151.0,1.00kT,20µM,ED
53,139.0,1.00kT,20µM,ED
54,119.0,1.00kT,20µM,ED
55,124.0,1.00kT,20µM,ED
56,80.0,1.00kT,20µM,ED
57,104.0,1.00kT,20µM,ED
58,95.0,1.00kT,20µM,ED
59,64.0,1.00kT,20µM,ED
60,66.0,1.00kT,20µM,ED
61,68.0,1.00kT,20µM,ED
62,49.0,1.00kT,20µM,ED
63,39.0,1.00kT,20µM,ED
64,40.0,1.00kT,20µM,ED
65,48.0,1.00kT,20µM,ED
66,47.0,1.00kT,20µM,ED
67,37.0,1.00kT,20µM,ED
68,35.0,1.00kT,20µM,ED
69,42.0,1.00kT,20µM,ED
70,29.0,1.00kT,20µM,ED
72,28.0,1.00kT,20µM,ED
73,23.0,1.00kT,20µM,ED
74,24.0,1.00kT,20µM,ED
75,15.0,1.00kT,20µM,ED
76,9.0,1.00kT,20µM,ED
78,13.0,1.00kT,20µM,ED
80,14.0,1.00kT,20µM,ED
83,18.0,1.00kT,20µM,ED
85,6.0,1.00kT,20µM,ED
88,5.0,1.00kT,20µM,ED
91,7.0,1.00kT,20µM,ED
93,4.0,1.00kT,20µM,ED
98,3.0,1.00kT,20µM,ED
99,2.0,1.00kT,20µM,ED
113,1.0,1.00kT,20µM,ED
1,506462.0,1.00kT,40µM,ED
2,286792.0,1.00kT,40µM,ED
3,219653.0,1.00kT,40µM,ED
4,176594.0,1.00kT,40µM,ED
5,142351.0,1.00kT,40µM,ED
6,116448.0,1.00kT,40µM,ED
7,96162.0,1.00kT,40µM,ED
8,80132.0,1.00kT,40µM,ED
9,66604.0,1.00kT,40µM,ED
10,56210.0,1.00kT,40µM,ED
11,47805.0,1.00kT,40µM,ED
12,40632.0,1.00kT,40µM,ED
13,34654.0,1.00kT,40µM,ED
14,29958.0,1.00kT,40µM,ED
15,26042.0,1.00kT,40µM,ED
16,22392.0,1.00kT,40µM,ED
17,19515.0,1.00kT,40µM,ED
18,17120.0,1.00kT,40µM,ED
19,14878.0,1.00kT,40µM,ED
20,12942.0,1.00kT,40µM,ED
21,11644.0,1.00kT,40µM,ED
22,10116.0,1.00kT,40µM,ED
23,9102.0,1.00kT,40µM,ED
24,7960.0,1.00kT,40µM,ED
25,7257.0,1.00kT,40µM,ED
26,6136.0,1.00kT,40µM,ED
27,5521.0,1.00kT,40µM,ED
28,5168.0,1.00kT,40µM,ED
29,4533.0,1.00kT,40µM,ED
30,4064.0,1.00kT,40µM,ED
31,3584.0,1.00kT,40µM,ED
32,3282.0,1.00kT,40µM,ED
33,2923.0,1.00kT,40µM,ED
34,2588.0,1.00kT,40µM,ED
35,2324.0,1.00kT,40µM,ED
36,2064.0,1.00kT,40µM,ED
37,1913.0,1.00kT,40µM,ED
38,1691.0,1.00kT,40µM,ED
39,1542.0,1.00kT,40µM,ED
40,1355.0,1.00kT,40µM,ED
41,1269.0,1.00kT,40µM,ED
42,1201.0,1.00kT,40µM,ED
43,967.0,1.00kT,40µM,ED
44,929.0,1.00kT,40µM,ED
45,857.0,1.00kT,40µM,ED
46,732.0,1.00kT,40µM,ED
47,643.0,1.00kT,40µM,ED
48,630.0,1.00kT,40µM,ED
49,522.0,1.00kT,40µM,ED
50,470.0,1.00kT,40µM,ED
51,479.0,1.00kT,40µM,ED
52,447.0,1.00kT,40µM,ED
53,387.0,1.00kT,40µM,ED
54,371.0,1.00kT,40µM,ED
55,328.0,1.00kT,40µM,ED
56,304.0,1.00kT,40µM,ED
57,272.0,1.00kT,40µM,ED
58,237.0,1.00kT,40µM,ED
59,219.0,1.00kT,40µM,ED
60,186.0,1.00kT,40µM,ED
61,187.0,1.00kT,40µM,ED
62,149.0,1.00kT,40µM,ED
63,142.0,1.00kT,40µM,ED
64,132.0,1.00kT,40µM,ED
65,134.0,1.00kT,40µM,ED
66,114.0,1.00kT,40µM,ED
67,98.0,1.00kT,40µM,ED
68,84.0,1.00kT,40µM,ED
69,85.0,1.00kT,40µM,ED
70,74.0,1.00kT,40µM,ED
71,72.0,1.00kT,40µM,ED
72,69.0,1.00kT,40µM,ED
73,75.0,1.00kT,40µM,ED
74,60.0,1.00kT,40µM,ED
75,40.0,1.00kT,40µM,ED
76,53.0,1.00kT,40µM,ED
77,46.0,1.00kT,40µM,ED
78,37.0,1.00kT,40µM,ED
79,31.0,1.00kT,40µM,ED
81,32.0,1.00kT,40µM,ED
82,28.0,1.00kT,40µM,ED
83,24.0,1.00kT,40µM,ED
84,22.0,1.00kT,40µM,ED
85,25.0,1.00kT,40µM,ED
89,12.0,1.00kT,40µM,ED
90,15.0,1.00kT,40µM,ED
93,13.0,1.00kT,40µM,ED
97,8.0,1.00kT,40µM,ED
101,6.0,1.00kT,40µM,ED
108,3.0,1.00kT,40µM,ED
110,2.0,1.00kT,40µM,ED
111,4.0,1.00kT,40µM,ED
133,1.0,1.00kT,40µM,ED
1,827412.0,1.00kT,60µM,ED
2,411299.0,1.00kT,60µM,ED
3,307051.0,1.00kT,60µM,ED
4,243013.0,1.00kT,60µM,ED
5,195746.0,1.00kT,60µM,ED
6,158961.0,1.00kT,60µM,ED
7,131469.0,1.00kT,60µM,ED
8,108455.0,1.00kT,60µM,ED
9,90144.0,1.00kT,60µM,ED
10,76410.0,1.00kT,60µM,ED
11,64971.0,1.00kT,60µM,ED
12,54914.0,1.00kT,60µM,ED
13,47221.0,1.00kT,60µM,ED
14,40356.0,1.00kT,60µM,ED
15,34922.0,1.00kT,60µM,ED
16,29942.0,1.00kT,60µM,ED
17,26120.0,1.00kT,60µM,ED
18,22647.0,1.00kT,60µM,ED
19,19974.0,1.00kT,60µM,ED
20,17496.0,1.00kT,60µM,ED
21,15405.0,1.00kT,60µM,ED
22,13499.0,1.00kT,60µM,ED
23,12133.0,1.00kT,60µM,ED
24,10517.0,1.00kT,60µM,ED
25,9486.0,1.00kT,60µM,ED
26,8344.0,1.00kT,60µM,ED
27,7300.0,1.00kT,60µM,ED
28,6688.0,1.00kT,60µM,ED
29,5689.0,1.00kT,60µM,ED
30,5164.0,1.00kT,60µM,ED
31,4580.0,1.00kT,60µM,ED
32,4068.0,1.00kT,60µM,ED
33,3684.0,1.00kT,60µM,ED
34,3381.0,1.00kT,60µM,ED
35,2905.0,1.00kT,60µM,ED
36,2643.0,1.00kT,60µM,ED
37,2451.0,1.00kT,60µM,ED
38,2086.0,1.00kT,60µM,ED
39,1976.0,1.00kT,60µM,ED
40,1687.0,1.00kT,60µM,ED
41,1480.0,1.00kT,60µM,ED
42,1371.0,1.00kT,60µM,ED
43,1153.0,1.00kT,60µM,ED
44,1059.0,1.00kT,60µM,ED
45,1028.0,1.00kT,60µM,ED
46,954.0,1.00kT,60µM,ED
47,806.0,1.00kT,60µM,ED
48,701.0,1.00kT,60µM,ED
49,651.0,1.00kT,60µM,ED
50,564.0,1.00kT,60µM,ED
51,551.0,1.00kT,60µM,ED
52,474.0,1.00kT,60µM,ED
53,463.0,1.00kT,60µM,ED
54,388.0,1.00kT,60µM,ED
55,347.0,1.00kT,60µM,ED
56,313.0,1.00kT,60µM,ED
57,281.0,1.00kT,60µM,ED
58,241.0,1.00kT,60µM,ED
59,250.0,1.00kT,60µM,ED
60,219.0,1.00kT,60µM,ED
61,155.0,1.00kT,60µM,ED
62,171.0,1.00kT,60µM,ED
63,148.0,1.00kT,60µM,ED
64,163.0,1.00kT,60µM,ED
65,130.0,1.00kT,60µM,ED
66,133.0,1.00kT,60µM,ED
67,101.0,1.00kT,60µM,ED
68,97.0,1.00kT,60µM,ED
69,77.0,1.00kT,60µM,ED
70,88.0,1.00kT,60µM,ED
71,76.0,1.00kT,60µM,ED
72,47.0,1.00kT,60µM,ED
73,64.0,1.00kT,60µM,ED
74,58.0,1.00kT,60µM,ED
75,51.0,1.00kT,60µM,ED
76,43.0,1.00kT,60µM,ED
77,40.0,1.00kT,60µM,ED
78,41.0,1.00kT,60µM,ED
79,25.0,1.00kT,60µM,ED
80,28.0,1.00kT,60µM,ED
81,26.0,1.00kT,60µM,ED
82,33.0,1.00kT,60µM,ED
83,29.0,1.00kT,60µM,ED
85,23.0,1.00kT,60µM,ED
87,17.0,1.00kT,60µM,ED
90,10.0,1.00kT,60µM,ED
91,16.0,1.00kT,60µM,ED
93,11.0,1.00kT,60µM,ED
95,6.0,1.00kT,60µM,ED
98,9.0,1.00kT,60µM,ED
102,4.0,1.00kT,60µM,ED
104,5.0,1.00kT,60µM,ED
106,3.0,1.00kT,60µM,ED
114,2.0,1.00kT,60µM,ED
122,1.0,1.00kT,60µM,ED
1,158876.0,2.80kT,10µM,ED
2,110901.0,2.80kT,10µM,ED
3,82092.0,2.80kT,10µM,ED
4,62063.0,2.80kT,10µM,ED
5,48120.0,2.80kT,10µM,ED
6,37656.0,2.80kT,10µM,ED
7,30381.0,2.80kT,10µM,ED
8,24822.0,2.80kT,10µM,ED
9,20475.0,2.80kT,10µM,ED
10,16897.0,2.80kT,10µM,ED
11,14046.0,2.80kT,10µM,ED
12,11897.0,2.80kT,10µM,ED
13,9982.0,2.80kT,10µM,ED
14,8443.0,2.80kT,10µM,ED
15,7213.0,2.80kT,10µM,ED
16,6159.0,2.80kT,10µM,ED
17,5402.0,2.80kT,10µM,ED
18,4781.0,2.80kT,10µM,ED
19,3891.0,2.80kT,10µM,ED
20,3513.0,2.80kT,10µM,ED
21,2971.0,2.80kT,10µM,ED
22,2611.0,2.80kT,10µM,ED
23,2313.0,2.80kT,10µM,ED
24,2102.0,2.80kT,10µM,ED
25,1811.0,2.80kT,10µM,ED
26,1549.0,2.80kT,10µM,ED
27,1372.0,2.80kT,10µM,ED
28,1244.0,2.80kT,10µM,ED
29,1103.0,2.80kT,10µM,ED
30,1018.0,2.80kT,10µM,ED
31,829.0,2.80kT,10µM,ED
32,738.0,2.80kT,10µM,ED
33,711.0,2.80kT,10µM,ED
34,673.0,2.80kT,10µM,ED
35,546.0,2.80kT,10µM,ED
36,536.0,2.80kT,10µM,ED
37,451.0,2.80kT,10µM,ED
38,423.0,2.80kT,10µM,ED
39,339.0,2.80kT,10µM,ED
40,317.0,2.80kT,10µM,ED
41,325.0,2.80kT,10µM,ED
42,274.0,2.80kT,10µM,ED
43,220.0,2.80kT,10µM,ED
44,219.0,2.80kT,10µM,ED
45,212.0,2.80kT,10µM,ED
46,195.0,2.80kT,10µM,ED
47,149.0,2.80kT,10µM,ED
48,148.0,2.80kT,10µM,ED
49,166.0,2.80kT,10µM,ED
50,120.0,2.80kT,10µM,ED
51,115.0,2.80kT,10µM,ED
52,102.0,2.80kT,10µM,ED
53,104.0,2.80kT,10µM,ED
54,93.0,2.80kT,10µM,ED
55,82.0,2.80kT,10µM,ED
56,76.0,2.80kT,10µM,ED
58,75.0,2.80kT,10µM,ED
59,66.0,2.80kT,10µM,ED
61,52.0,2.80kT,10µM,ED
62,51.0,2.80kT,10µM,ED
63,38.0,2.80kT,10µM,ED
64,40.0,2.80kT,10µM,ED
66,34.0,2.80kT,10µM,ED
67,35.0,2.80kT,10µM,ED
69,29.0,2.80kT,10µM,ED
70,24.0,2.80kT,10µM,ED
71,23.0,2.80kT,10µM,ED
72,21.0,2.80kT,10µM,ED
74,12.0,2.80kT,10µM,ED
75,20.0,2.80kT,10µM,ED
76,15.0,2.80kT,10µM,ED
77,17.0,2.80kT,10µM,ED
78,16.0,2.80kT,10µM,ED
79,8.0,2.80kT,10µM,ED
80,14.0,2.80kT,10µM,ED
85,7.0,2.80kT,10µM,ED
89,6.0,2.80kT,10µM,ED
103,4.0,2.80kT,10µM,ED
106,2.0,2.80kT,10µM,ED
126,1.0,2.80kT,10µM,ED
1,255617.0,2.80kT,20µM,ED
2,178297.0,2.80kT,20µM,ED
3,131264.0,2.80kT,20µM,ED
4,99084.0,2.80kT,20µM,ED
5,77052.0,2.80kT,20µM,ED
6,61615.0,2.80kT,20µM,ED
7,50383.0,2.80kT,20µM,ED
8,41285.0,2.80kT,20µM,ED
9,34626.0,2.80kT,20µM,ED
10,29311.0,2.80kT,20µM,ED
11,25024.0,2.80kT,20µM,ED
12,21564.0,2.80kT,20µM,ED
13,18474.0,2.80kT,20µM,ED
14,16212.0,2.80kT,20µM,ED
15,14146.0,2.80kT,20µM,ED
16,12397.0,2.80kT,20µM,ED
17,11091.0,2.80kT,20µM,ED
18,9693.0,2.80kT,20µM,ED
19,8813.0,2.80kT,20µM,ED
20,7787.0,2.80kT,20µM,ED
21,7058.0,2.80kT,20µM,ED
22,6330.0,2.80kT,20µM,ED
23,5659.0,2.80kT,20µM,ED
24,5119.0,2.80kT,20µM,ED
25,4638.0,2.80kT,20µM,ED
26,4229.0,2.80kT,20µM,ED
27,3876.0,2.80kT,20µM,ED
28,3457.0,2.80kT,20µM,ED
29,3308.0,2.80kT,20µM,ED
30,2846.0,2.80kT,20µM,ED
31,2711.0,2.80kT,20µM,ED
32,2523.0,2.80kT,20µM,ED
33,2267.0,2.80kT,20µM,ED
34,2115.0,2.80kT,20µM,ED
35,1912.0,2.80kT,20µM,ED
36,1758.0,2.80kT,20µM,ED
37,1605.0,2.80kT,20µM,ED
38,1575.0,2.80kT,20µM,ED
39,1416.0,2.80kT,20µM,ED
40,1306.0,2.80kT,20µM,ED
41,1218.0,2.80kT,20µM,ED
42,1093.0,2.80kT,20µM,ED
43,1030.0,2.80kT,20µM,ED
44,955.0,2.80kT,20µM,ED
45,891.0,2.80kT,20µM,ED
46,830.0,2.80kT,20µM,ED
47,777.0,2.80kT,20µM,ED
48,680.0,2.80kT,20µM,ED
49,641.0,2.80kT,20µM,ED
50,629.0,2.80kT,20µM,ED
51,598.0,2.80kT,20µM,ED
52,517.0,2.80kT,20µM,ED
53,492.0,2.80kT,20µM,ED
54,470.0,2.80kT,20µM,ED
55,420.0,2.80kT,20µM,ED
56,407.0,2.80kT,20µM,ED
57,373.0,2.80kT,20µM,ED
58,367.0,2.80kT,20µM,ED
59,319.0,2.80kT,20µM,ED
60,320.0,2.80kT,20µM,ED
61,279.0,2.80kT,20µM,ED
62,267.0,2.80kT,20µM,ED
63,247.0,2.80kT,20µM,ED
64,241.0,2.80kT,20µM,ED
65,224.0,2.80kT,20µM,ED
66,220.0,2.80kT,20µM,ED
67,201.0,2.80kT,20µM,ED
68,179.0,2.80kT,20µM,ED
69,181.0,2.80kT,20µM,ED
71,150.0,2.80kT,20µM,ED
72,132.0,2.80kT,20µM,ED
73,135.0,2.80kT,20µM,ED
74,116.0,2.80kT,20µM,ED
75,127.0,2.80kT,20µM,ED
76,120.0,2.80kT,20µM,ED
77,101.0,2.80kT,20µM,ED
78,100.0,2.80kT,20µM,ED
79,93.0,2.80kT,20µM,ED
80,86.0,2.80kT,20µM,ED
82,78.0,2.80kT,20µM,ED
83,84.0,2.80kT,20µM,ED
85,66.0,2.80kT,20µM,ED
86,52.0,2.80kT,20µM,ED
88,62.0,2.80kT,20µM,ED
90,48.0,2.80kT,20µM,ED
93,42.0,2.80kT,20µM,ED
97,30.0,2.80kT,20µM,ED
98,26.0,2.80kT,20µM,ED
101,25.0,2.80kT,20µM,ED
102,21.0,2.80kT,20µM,ED
103,23.0,2.80kT,20µM,ED
104,27.0,2.80kT,20µM,ED
108,19.0,2.80kT,20µM,ED
109,17.0,2.80kT,20µM,ED
111,16.0,2.80kT,20µM,ED
115,15.0,2.80kT,20µM,ED
116,10.0,2.80kT,20µM,ED
119,12.0,2.80kT,20µM,ED
124,9.0,2.80kT,20µM,ED
131,6.0,2.80kT,20µM,ED
135,5.0,2.80kT,20µM,ED
137,3.0,2.80kT,20µM,ED
148,2.0,2.80kT,20µM,ED
158,1.0,2.80kT,20µM,ED
1,387030.0,2.80kT,40µM,ED
2,268098.0,2.80kT,40µM,ED
3,194687.0,2.80kT,40µM,ED
4,147051.0,2.80kT,40µM,ED
5,115167.0,2.80kT,40µM,ED
6,92873.0,2.80kT,40µM,ED
7,76253.0,2.80kT,40µM,ED
8,63664.0,2.80kT,40µM,ED
9,54775.0,2.80kT,40µM,ED
10,46962.0,2.80kT,40µM,ED
11,41267.0,2.80kT,40µM,ED
12,36194.0,2.80kT,40µM,ED
13,32561.0,2.80kT,40µM,ED
14,29062.0,2.80kT,40µM,ED
15,26404.0,2.80kT,40µM,ED
16,23361.0,2.80kT,40µM,ED
17,21274.0,2.80kT,40µM,ED
18,19729.0,2.80kT,40µM,ED
19,17651.0,2.80kT,40µM,ED
20,16433.0,2.80kT,40µM,ED
21,15041.0,2.80kT,40µM,ED
22,13808.0,2.80kT,40µM,ED
23,13017.0,2.80kT,40µM,ED
24,11650.0,2.80kT,40µM,ED
25,10991.0,2.80kT,40µM,ED
26,10213.0,2.80kT,40µM,ED
27,9592.0,2.80kT,40µM,ED
28,8879.0,2.80kT,40µM,ED
29,8461.0,2.80kT,40µM,ED
30,7802.0,2.80kT,40µM,ED
31,7290.0,2.80kT,40µM,ED
32,6691.0,2.80kT,40µM,ED
33,6377.0,2.80kT,40µM,ED
34,5893.0,2.80kT,40µM,ED
35,5486.0,2.80kT,40µM,ED
36,5184.0,2.80kT,40µM,ED
37,4842.0,2.80kT,40µM,ED
38,4446.0,2.80kT,40µM,ED
39,4209.0,2.80kT,40µM,ED
40,4000.0,2.80kT,40µM,ED
41,3724.0,2.80kT,40µM,ED
42,3455.0,2.80kT,40µM,ED
43,3399.0,2.80kT,40µM,ED
44,3025.0,2.80kT,40µM,ED
45,2883.0,2.80kT,40µM,ED
46,2763.0,2.80kT,40µM,ED
47,2552.0,2.80kT,40µM,ED
48,2444.0,2.80kT,40µM,ED
49,2253.0,2.80kT,40µM,ED
50,2126.0,2.80kT,40µM,ED
51,1994.0,2.80kT,40µM,ED
52,1844.0,2.80kT,40µM,ED
53,1843.0,2.80kT,40µM,ED
54,1684.0,2.80kT,40µM,ED
55,1599.0,2.80kT,40µM,ED
56,1445.0,2.80kT,40µM,ED
57,1366.0,2.80kT,40µM,ED
58,1291.0,2.80kT,40µM,ED
59,1199.0,2.80kT,40µM,ED
60,1141.0,2.80kT,40µM,ED
61,1174.0,2.80kT,40µM,ED
62,1008.0,2.80kT,40µM,ED
63,946.0,2.80kT,40µM,ED
64,930.0,2.80kT,40µM,ED
65,869.0,2.80kT,40µM,ED
66,850.0,2.80kT,40µM,ED
67,797.0,2.80kT,40µM,ED
68,728.0,2.80kT,40µM,ED
69,694.0,2.80kT,40µM,ED
70,654.0,2.80kT,40µM,ED
71,643.0,2.80kT,40µM,ED
72,560.0,2.80kT,40µM,ED
73,592.0,2.80kT,40µM,ED
74,485.0,2.80kT,40µM,ED
75,530.0,2.80kT,40µM,ED
76,465.0,2.80kT,40µM,ED
77,446.0,2.80kT,40µM,ED
78,425.0,2.80kT,40µM,ED
79,406.0,2.80kT,40µM,ED
80,365.0,2.80kT,40µM,ED
81,325.0,2.80kT,40µM,ED
82,292.0,2.80kT,40µM,ED
83,316.0,2.80kT,40µM,ED
84,311.0,2.80kT,40µM,ED
85,256.0,2.80kT,40µM,ED
86,242.0,2.80kT,40µM,ED
87,214.0,2.80kT,40µM,ED
88,207.0,2.80kT,40µM,ED
89,211.0,2.80kT,40µM,ED
90,226.0,2.80kT,40µM,ED
91,194.0,2.80kT,40µM,ED
92,178.0,2.80kT,40µM,ED
93,154.0,2.80kT,40µM,ED
94,169.0,2.80kT,40µM,ED
95,156.0,2.80kT,40µM,ED
96,146.0,2.80kT,40µM,ED
97,152.0,2.80kT,40µM,ED
98,126.0,2.80kT,40µM,ED
99,125.0,2.80kT,40µM,ED
100,119.0,2.80kT,40µM,ED
101,108.0,2.80kT,40µM,ED
102,103.0,2.80kT,40µM,ED
103,102.0,2.80kT,40µM,ED
104,99.0,2.80kT,40µM,ED
106,96.0,2.80kT,40µM,ED
107,101.0,2.80kT,40µM,ED
108,64.0,2.80kT,40µM,ED
109,67.0,2.80kT,40µM,ED
111,60.0,2.80kT,40µM,ED
112,56.0,2.80kT,40µM,ED
114,62.0,2.80kT,40µM,ED
115,53.0,2.80kT,40µM,ED
116,51.0,2.80kT,40µM,ED
118,39.0,2.80kT,40µM,ED
120,37.0,2.80kT,40µM,ED
122,27.0,2.80kT,40µM,ED
123,33.0,2.80kT,40µM,ED
124,28.0,2.80kT,40µM,ED
126,21.0,2.80kT,40µM,ED
127,26.0,2.80kT,40µM,ED
129,30.0,2.80kT,40µM,ED
132,18.0,2.80kT,40µM,ED
133,20.0,2.80kT,40µM,ED
136,24.0,2.80kT,40µM,ED
141,14.0,2.80kT,40µM,ED
142,7.0,2.80kT,40µM,ED
144,12.0,2.80kT,40µM,ED
152,9.0,2.80kT,40µM,ED
155,10.0,2.80kT,40µM,ED
156,6.0,2.80kT,40µM,ED
158,4.0,2.80kT,40µM,ED
159,8.0,2.80kT,40µM,ED
163,3.0,2.80kT,40µM,ED
177,2.0,2.80kT,40µM,ED
188,1.0,2.80kT,40µM,ED
1,528478.0,2.80kT,60µM,ED
2,365155.0,2.80kT,60µM,ED
3,263706.0,2.80kT,60µM,ED
4,199968.0,2.80kT,60µM,ED
5,156237.0,2.80kT,60µM,ED
6,125238.0,2.80kT,60µM,ED
7,102795.0,2.80kT,60µM,ED
8,87704.0,2.80kT,60µM,ED
9,75008.0,2.80kT,60µM,ED
10,65220.0,2.80kT,60µM,ED
11,57586.0,2.80kT,60µM,ED
12,51146.0,2.80kT,60µM,ED
13,46030.0,2.80kT,60µM,ED
14,41443.0,2.80kT,60µM,ED
15,37874.0,2.80kT,60µM,ED
16,34752.0,2.80kT,60µM,ED
17,31809.0,2.80kT,60µM,ED
18,28812.0,2.80kT,60µM,ED
19,26845.0,2.80kT,60µM,ED
20,24970.0,2.80kT,60µM,ED
21,23199.0,2.80kT,60µM,ED
22,21355.0,2.80kT,60µM,ED
23,19958.0,2.80kT,60µM,ED
24,18731.0,2.80kT,60µM,ED
25,17232.0,2.80kT,60µM,ED
26,16146.0,2.80kT,60µM,ED
27,15106.0,2.80kT,60µM,ED
28,14155.0,2.80kT,60µM,ED
29,13237.0,2.80kT,60µM,ED
30,12471.0,2.80kT,60µM,ED
31,11581.0,2.80kT,60µM,ED
32,10938.0,2.80kT,60µM,ED
33,10257.0,2.80kT,60µM,ED
34,9405.0,2.80kT,60µM,ED
35,8824.0,2.80kT,60µM,ED
36,8487.0,2.80kT,60µM,ED
37,7798.0,2.80kT,60µM,ED
38,7436.0,2.80kT,60µM,ED
39,6774.0,2.80kT,60µM,ED
40,6525.0,2.80kT,60µM,ED
41,5956.0,2.80kT,60µM,ED
42,5769.0,2.80kT,60µM,ED
43,5396.0,2.80kT,60µM,ED
44,5016.0,2.80kT,60µM,ED
45,4754.0,2.80kT,60µM,ED
46,4569.0,2.80kT,60µM,ED
47,4373.0,2.80kT,60µM,ED
48,3939.0,2.80kT,60µM,ED
49,3782.0,2.80kT,60µM,ED
50,3640.0,2.80kT,60µM,ED
51,3315.0,2.80kT,60µM,ED
52,3136.0,2.80kT,60µM,ED
53,3011.0,2.80kT,60µM,ED
54,2751.0,2.80kT,60µM,ED
55,2644.0,2.80kT,60µM,ED
56,2450.0,2.80kT,60µM,ED
57,2240.0,2.80kT,60µM,ED
58,2267.0,2.80kT,60µM,ED
59,2111.0,2.80kT,60µM,ED
60,1981.0,2.80kT,60µM,ED
61,1814.0,2.80kT,60µM,ED
62,1732.0,2.80kT,60µM,ED
63,1659.0,2.80kT,60µM,ED
64,1548.0,2.80kT,60µM,ED
65,1420.0,2.80kT,60µM,ED
66,1359.0,2.80kT,60µM,ED
67,1274.0,2.80kT,60µM,ED
68,1256.0,2.80kT,60µM,ED
69,1128.0,2.80kT,60µM,ED
70,1068.0,2.80kT,60µM,ED
71,1017.0,2.80kT,60µM,ED
72,962.0,2.80kT,60µM,ED
73,880.0,2.80kT,60µM,ED
74,839.0,2.80kT,60µM,ED
75,783.0,2.80kT,60µM,ED
76,802.0,2.80kT,60µM,ED
77,700.0,2.80kT,60µM,ED
78,649.0,2.80kT,60µM,ED
79,661.0,2.80kT,60µM,ED
80,621.0,2.80kT,60µM,ED
81,531.0,2.80kT,60µM,ED
82,497.0,2.80kT,60µM,ED
83,514.0,2.80kT,60µM,ED
84,488.0,2.80kT,60µM,ED
85,464.0,2.80kT,60µM,ED
86,422.0,2.80kT,60µM,ED
87,417.0,2.80kT,60µM,ED
88,372.0,2.80kT,60µM,ED
90,322.0,2.80kT,60µM,ED
91,329.0,2.80kT,60µM,ED
92,284.0,2.80kT,60µM,ED
93,302.0,2.80kT,60µM,ED
94,266.0,2.80kT,60µM,ED
95,260.0,2.80kT,60µM,ED
96,221.0,2.80kT,60µM,ED
97,230.0,2.80kT,60µM,ED
98,216.0,2.80kT,60µM,ED
99,222.0,2.80kT,60µM,ED
100,189.0,2.80kT,60µM,ED
101,146.0,2.80kT,60µM,ED
102,176.0,2.80kT,60µM,ED
103,177.0,2.80kT,60µM,ED
104,159.0,2.80kT,60µM,ED
105,173.0,2.80kT,60µM,ED
106,131.0,2.80kT,60µM,ED
108,134.0,2.80kT,60µM,ED
110,112.0,2.80kT,60µM,ED
111,93.0,2.80kT,60µM,ED
112,99.0,2.80kT,60µM,ED
113,90.0,2.80kT,60µM,ED
114,86.0,2.80kT,60µM,ED
115,74.0,2.80kT,60µM,ED
116,72.0,2.80kT,60µM,ED
117,79.0,2.80kT,60µM,ED
118,87.0,2.80kT,60µM,ED
119,70.0,2.80kT,60µM,ED
120,57.0,2.80kT,60µM,ED
121,66.0,2.80kT,60µM,ED
122,48.0,2.80kT,60µM,ED
123,43.0,2.80kT,60µM,ED
125,42.0,2.80kT,60µM,ED
126,41.0,2.80kT,60µM,ED
127,45.0,2.80kT,60µM,ED
128,44.0,2.80kT,60µM,ED
130,40.0,2.80kT,60µM,ED
132,38.0,2.80kT,60µM,ED
133,35.0,2.80kT,60µM,ED
134,36.0,2.80kT,60µM,ED
136,27.0,2.80kT,60µM,ED
138,25.0,2.80kT,60µM,ED
139,14.0,2.80kT,60µM,ED
141,21.0,2.80kT,60µM,ED
142,17.0,2.80kT,60µM,ED
144,18.0,2.80kT,60µM,ED
146,16.0,2.80kT,60µM,ED
148,9.0,2.80kT,60µM,ED
152,12.0,2.80kT,60µM,ED
153,10.0,2.80kT,60µM,ED
174,5.0,2.80kT,60µM,ED
178,3.0,2.80kT,60µM,ED
179,2.0,2.80kT,60µM,ED
204,1.0,2.80kT,60µM,ED
1,133913.0,3.00kT,10µM,ED
2,99649.0,3.00kT,10µM,ED
3,76114.0,3.00kT,10µM,ED
4,59713.0,3.00kT,10µM,ED
5,47378.0,3.00kT,10µM,ED
6,38455.0,3.00kT,10µM,ED
7,31573.0,3.00kT,10µM,ED
8,25757.0,3.00kT,10µM,ED
9,21551.0,3.00kT,10µM,ED
10,17841.0,3.00kT,10µM,ED
11,14945.0,3.00kT,10µM,ED
12,12618.0,3.00kT,10µM,ED
13,10751.0,3.00kT,10µM,ED
14,9132.0,3.00kT,10µM,ED
15,7890.0,3.00kT,10µM,ED
16,6596.0,3.00kT,10µM,ED
17,5698.0,3.00kT,10µM,ED
18,4906.0,3.00kT,10µM,ED
19,4351.0,3.00kT,10µM,ED
20,3796.0,3.00kT,10µM,ED
21,3252.0,3.00kT,10µM,ED
22,2843.0,3.00kT,10µM,ED
23,2566.0,3.00kT,10µM,ED
24,2139.0,3.00kT,10µM,ED
25,1947.0,3.00kT,10µM,ED
26,1674.0,3.00kT,10µM,ED
27,1569.0,3.00kT,10µM,ED
28,1269.0,3.00kT,10µM,ED
29,1161.0,3.00kT,10µM,ED
30,1093.0,3.00kT,10µM,ED
31,891.0,3.00kT,10µM,ED
32,843.0,3.00kT,10µM,ED
33,765.0,3.00kT,10µM,ED
34,688.0,3.00kT,10µM,ED
35,568.0,3.00kT,10µM,ED
36,529.0,3.00kT,10µM,ED
37,471.0,3.00kT,10µM,ED
38,437.0,3.00kT,10µM,ED
39,357.0,3.00kT,10µM,ED
40,309.0,3.00kT,10µM,ED
41,316.0,3.00kT,10µM,ED
42,276.0,3.00kT,10µM,ED
43,250.0,3.00kT,10µM,ED
44,224.0,3.00kT,10µM,ED
45,184.0,3.00kT,10µM,ED
46,176.0,3.00kT,10µM,ED
47,194.0,3.00kT,10µM,ED
48,163.0,3.00kT,10µM,ED
49,149.0,3.00kT,10µM,ED
50,135.0,3.00kT,10µM,ED
51,129.0,3.00kT,10µM,ED
52,115.0,3.00kT,10µM,ED
53,103.0,3.00kT,10µM,ED
54,87.0,3.00kT,10µM,ED
55,72.0,3.00kT,10µM,ED
56,68.0,3.00kT,10µM,ED
57,80.0,3.00kT,10µM,ED
58,67.0,3.00kT,10µM,ED
59,49.0,3.00kT,10µM,ED
60,60.0,3.00kT,10µM,ED
61,43.0,3.00kT,10µM,ED
62,51.0,3.00kT,10µM,ED
63,41.0,3.00kT,10µM,ED
64,39.0,3.00kT,10µM,ED
65,36.0,3.00kT,10µM,ED
66,34.0,3.00kT,10µM,ED
67,22.0,3.00kT,10µM,ED
68,33.0,3.00kT,10µM,ED
69,28.0,3.00kT,10µM,ED
70,30.0,3.00kT,10µM,ED
71,26.0,3.00kT,10µM,ED
72,29.0,3.00kT,10µM,ED
73,14.0,3.00kT,10µM,ED
74,19.0,3.00kT,10µM,ED
76,18.0,3.00kT,10µM,ED
78,15.0,3.00kT,10µM,ED
80,12.0,3.00kT,10µM,ED
81,11.0,3.00kT,10µM,ED
84,16.0,3.00kT,10µM,ED
85,8.0,3.00kT,10µM,ED
87,10.0,3.00kT,10µM,ED
97,5.0,3.00kT,10µM,ED
105,4.0,3.00kT,10µM,ED
111,2.0,3.00kT,10µM,ED
133,1.0,3.00kT,10µM,ED
1,206111.0,3.00kT,20µM,ED
2,154194.0,3.00kT,20µM,ED
3,118622.0,3.00kT,20µM,ED
4,93352.0,3.00kT,20µM,ED
5,74593.0,3.00kT,20µM,ED
6,61085.0,3.00kT,20µM,ED
7,50760.0,3.00kT,20µM,ED
8,42062.0,3.00kT,20µM,ED
9,35647.0,3.00kT,20µM,ED
10,30444.0,3.00kT,20µM,ED
11,25892.0,3.00kT,20µM,ED
12,22149.0,3.00kT,20µM,ED
13,19267.0,3.00kT,20µM,ED
14,16920.0,3.00kT,20µM,ED
15,14680.0,3.00kT,20µM,ED
16,12991.0,3.00kT,20µM,ED
17,11286.0,3.00kT,20µM,ED
18,10295.0,3.00kT,20µM,ED
19,9008.0,3.00kT,20µM,ED
20,8141.0,3.00kT,20µM,ED
21,7260.0,3.00kT,20µM,ED
22,6609.0,3.00kT,20µM,ED
23,5837.0,3.00kT,20µM,ED
24,5281.0,3.00kT,20µM,ED
25,4982.0,3.00kT,20µM,ED
26,4452.0,3.00kT,20µM,ED
27,3994.0,3.00kT,20µM,ED
28,3718.0,3.00kT,20µM,ED
29,3359.0,3.00kT,20µM,ED
30,3231.0,3.00kT,20µM,ED
31,2932.0,3.00kT,20µM,ED
32,2672.0,3.00kT,20µM,ED
33,2458.0,3.00kT,20µM,ED
34,2267.0,3.00kT,20µM,ED
35,2082.0,3.00kT,20µM,ED
36,1947.0,3.00kT,20µM,ED
37,1800.0,3.00kT,20µM,ED
38,1694.0,3.00kT,20µM,ED
39,1507.0,3.00kT,20µM,ED
40,1390.0,3.00kT,20µM,ED
41,1379.0,3.00kT,20µM,ED
42,1256.0,3.00kT,20µM,ED
43,1131.0,3.00kT,20µM,ED
44,997.0,3.00kT,20µM,ED
45,943.0,3.00kT,20µM,ED
46,878.0,3.00kT,20µM,ED
47,832.0,3.00kT,20µM,ED
48,802.0,3.00kT,20µM,ED
49,726.0,3.00kT,20µM,ED
50,721.0,3.00kT,20µM,ED
51,644.0,3.00kT,20µM,ED
52,584.0,3.00kT,20µM,ED
53,590.0,3.00kT,20µM,ED
54,526.0,3.00kT,20µM,ED
55,498.0,3.00kT,20µM,ED
56,441.0,3.00kT,20µM,ED
57,486.0,3.00kT,20µM,ED
58,402.0,3.00kT,20µM,ED
59,364.0,3.00kT,20µM,ED
60,375.0,3.00kT,20µM,ED
61,355.0,3.00kT,20µM,ED
62,329.0,3.00kT,20µM,ED
63,296.0,3.00kT,20µM,ED
64,286.0,3.00kT,20µM,ED
65,268.0,3.00kT,20µM,ED
66,239.0,3.00kT,20µM,ED
67,228.0,3.00kT,20µM,ED
68,223.0,3.00kT,20µM,ED
70,209.0,3.00kT,20µM,ED
71,175.0,3.00kT,20µM,ED
73,141.0,3.00kT,20µM,ED
74,162.0,3.00kT,20µM,ED
75,155.0,3.00kT,20µM,ED
76,149.0,3.00kT,20µM,ED
77,135.0,3.00kT,20µM,ED
78,129.0,3.00kT,20µM,ED
79,137.0,3.00kT,20µM,ED
80,127.0,3.00kT,20µM,ED
81,93.0,3.00kT,20µM,ED
82,84.0,3.00kT,20µM,ED
83,101.0,3.00kT,20µM,ED
84,75.0,3.00kT,20µM,ED
85,95.0,3.00kT,20µM,ED
86,81.0,3.00kT,20µM,ED
87,90.0,3.00kT,20µM,ED
88,69.0,3.00kT,20µM,ED
89,87.0,3.00kT,20µM,ED
90,68.0,3.00kT,20µM,ED
91,56.0,3.00kT,20µM,ED
92,55.0,3.00kT,20µM,ED
93,60.0,3.00kT,20µM,ED
94,48.0,3.00kT,20µM,ED
95,54.0,3.00kT,20µM,ED
96,35.0,3.00kT,20µM,ED
97,42.0,3.00kT,20µM,ED
98,37.0,3.00kT,20µM,ED
100,28.0,3.00kT,20µM,ED
101,34.0,3.00kT,20µM,ED
102,44.0,3.00kT,20µM,ED
103,31.0,3.00kT,20µM,ED
104,27.0,3.00kT,20µM,ED
107,22.0,3.00kT,20µM,ED
108,26.0,3.00kT,20µM,ED
109,24.0,3.00kT,20µM,ED
111,16.0,3.00kT,20µM,ED
112,12.0,3.00kT,20µM,ED
114,21.0,3.00kT,20µM,ED
119,17.0,3.00kT,20µM,ED
120,15.0,3.00kT,20µM,ED
123,7.0,3.00kT,20µM,ED
126,11.0,3.00kT,20µM,ED
128,10.0,3.00kT,20µM,ED
129,9.0,3.00kT,20µM,ED
130,8.0,3.00kT,20µM,ED
140,5.0,3.00kT,20µM,ED
143,4.0,3.00kT,20µM,ED
149,3.0,3.00kT,20µM,ED
154,2.0,3.00kT,20µM,ED
174,1.0,3.00kT,20µM,ED
1,268032.0,3.00kT,40µM,ED
2,200927.0,3.00kT,40µM,ED
3,156803.0,3.00kT,40µM,ED
4,124746.0,3.00kT,40µM,ED
5,100769.0,3.00kT,40µM,ED
6,83217.0,3.00kT,40µM,ED
7,70483.0,3.00kT,40µM,ED
8,59875.0,3.00kT,40µM,ED
9,51551.0,3.00kT,40µM,ED
10,44937.0,3.00kT,40µM,ED
11,39259.0,3.00kT,40µM,ED
12,34732.0,3.00kT,40µM,ED
13,31219.0,3.00kT,40µM,ED
14,27842.0,3.00kT,40µM,ED
15,25131.0,3.00kT,40µM,ED
16,22806.0,3.00kT,40µM,ED
17,21098.0,3.00kT,40µM,ED
18,18974.0,3.00kT,40µM,ED
19,17410.0,3.00kT,40µM,ED
20,16195.0,3.00kT,40µM,ED
21,14946.0,3.00kT,40µM,ED
22,13727.0,3.00kT,40µM,ED
23,12752.0,3.00kT,40µM,ED
24,11919.0,3.00kT,40µM,ED
25,10960.0,3.00kT,40µM,ED
26,10417.0,3.00kT,40µM,ED
27,9773.0,3.00kT,40µM,ED
28,8993.0,3.00kT,40µM,ED
29,8537.0,3.00kT,40µM,ED
30,7922.0,3.00kT,40µM,ED
31,7490.0,3.00kT,40µM,ED
32,7075.0,3.00kT,40µM,ED
33,6665.0,3.00kT,40µM,ED
34,6138.0,3.00kT,40µM,ED
35,5935.0,3.00kT,40µM,ED
36,5506.0,3.00kT,40µM,ED
37,5282.0,3.00kT,40µM,ED
38,5078.0,3.00kT,40µM,ED
39,4710.0,3.00kT,40µM,ED
40,4414.0,3.00kT,40µM,ED
41,4115.0,3.00kT,40µM,ED
42,3928.0,3.00kT,40µM,ED
43,3905.0,3.00kT,40µM,ED
44,3547.0,3.00kT,40µM,ED
45,3272.0,3.00kT,40µM,ED
46,3198.0,3.00kT,40µM,ED
47,3007.0,3.00kT,40µM,ED
48,2805.0,3.00kT,40µM,ED
49,2754.0,3.00kT,40µM,ED
50,2459.0,3.00kT,40µM,ED
51,2451.0,3.00kT,40µM,ED
52,2195.0,3.00kT,40µM,ED
53,2125.0,3.00kT,40µM,ED
54,2082.0,3.00kT,40µM,ED
55,1930.0,3.00kT,40µM,ED
56,1814.0,3.00kT,40µM,ED
57,1760.0,3.00kT,40µM,ED
58,1697.0,3.00kT,40µM,ED
59,1573.0,3.00kT,40µM,ED
60,1549.0,3.00kT,40µM,ED
61,1414.0,3.00kT,40µM,ED
62,1322.0,3.00kT,40µM,ED
63,1249.0,3.00kT,40µM,ED
64,1227.0,3.00kT,40µM,ED
65,1201.0,3.00kT,40µM,ED
66,1113.0,3.00kT,40µM,ED
67,1016.0,3.00kT,40µM,ED
68,962.0,3.00kT,40µM,ED
69,879.0,3.00kT,40µM,ED
70,904.0,3.00kT,40µM,ED
71,876.0,3.00kT,40µM,ED
72,856.0,3.00kT,40µM,ED
73,795.0,3.00kT,40µM,ED
74,739.0,3.00kT,40µM,ED
75,699.0,3.00kT,40µM,ED
76,665.0,3.00kT,40µM,ED
77,627.0,3.00kT,40µM,ED
78,614.0,3.00kT,40µM,ED
79,543.0,3.00kT,40µM,ED
80,586.0,3.00kT,40µM,ED
81,505.0,3.00kT,40µM,ED
82,493.0,3.00kT,40µM,ED
83,450.0,3.00kT,40µM,ED
84,428.0,3.00kT,40µM,ED
85,400.0,3.00kT,40µM,ED
86,405.0,3.00kT,40µM,ED
87,366.0,3.00kT,40µM,ED
88,356.0,3.00kT,40µM,ED
89,369.0,3.00kT,40µM,ED
90,361.0,3.00kT,40µM,ED
91,310.0,3.00kT,40µM,ED
92,304.0,3.00kT,40µM,ED
94,271.0,3.00kT,40µM,ED
95,261.0,3.00kT,40µM,ED
96,253.0,3.00kT,40µM,ED
97,220.0,3.00kT,40µM,ED
98,218.0,3.00kT,40µM,ED
99,211.0,3.00kT,40µM,ED
100,186.0,3.00kT,40µM,ED
101,194.0,3.00kT,40µM,ED
102,177.0,3.00kT,40µM,ED
103,183.0,3.00kT,40µM,ED
104,173.0,3.00kT,40µM,ED
105,147.0,3.00kT,40µM,ED
106,160.0,3.00kT,40µM,ED
107,142.0,3.00kT,40µM,ED
108,134.0,3.00kT,40µM,ED
109,120.0,3.00kT,40µM,ED
110,118.0,3.00kT,40µM,ED
111,128.0,3.00kT,40µM,ED
112,111.0,3.00kT,40µM,ED
113,107.0,3.00kT,40µM,ED
114,101.0,3.00kT,40µM,ED
115,110.0,3.00kT,40µM,ED
116,96.0,3.00kT,40µM,ED
117,91.0,3.00kT,40µM,ED
118,90.0,3.00kT,40µM,ED
119,83.0,3.00kT,40µM,ED
120,75.0,3.00kT,40µM,ED
121,67.0,3.00kT,40µM,ED
122,62.0,3.00kT,40µM,ED
123,80.0,3.00kT,40µM,ED
124,78.0,3.00kT,40µM,ED
125,61.0,3.00kT,40µM,ED
126,59.0,3.00kT,40µM,ED
128,36.0,3.00kT,40µM,ED
129,52.0,3.00kT,40µM,ED
130,49.0,3.00kT,40µM,ED
131,39.0,3.00kT,40µM,ED
132,31.0,3.00kT,40µM,ED
133,46.0,3.00kT,40µM,ED
134,43.0,3.00kT,40µM,ED
135,28.0,3.00kT,40µM,ED
136,34.0,3.00kT,40µM,ED
138,40.0,3.00kT,40µM,ED
139,33.0,3.00kT,40µM,ED
140,29.0,3.00kT,40µM,ED
145,26.0,3.00kT,40µM,ED
147,23.0,3.00kT,40µM,ED
149,22.0,3.00kT,40µM,ED
150,14.0,3.00kT,40µM,ED
156,13.0,3.00kT,40µM,ED
158,16.0,3.00kT,40µM,ED
159,11.0,3.00kT,40µM,ED
160,15.0,3.00kT,40µM,ED
162,10.0,3.00kT,40µM,ED
164,12.0,3.00kT,40µM,ED
165,8.0,3.00kT,40µM,ED
172,6.0,3.00kT,40µM,ED
178,7.0,3.00kT,40µM,ED
181,5.0,3.00kT,40µM,ED
187,3.0,3.00kT,40µM,ED
208,2.0,3.00kT,40µM,ED
217,1.0,3.00kT,40µM,ED
1,302901.0,3.00kT,60µM,ED
2,229424.0,3.00kT,60µM,ED
3,179130.0,3.00kT,60µM,ED
4,144388.0,3.00kT,60µM,ED
5,118628.0,3.00kT,60µM,ED
6,98992.0,3.00kT,60µM,ED
7,84204.0,3.00kT,60µM,ED
8,72659.0,3.00kT,60µM,ED
9,63240.0,3.00kT,60µM,ED
10,56522.0,3.00kT,60µM,ED
11,49923.0,3.00kT,60µM,ED
12,44900.0,3.00kT,60µM,ED
13,40278.0,3.00kT,60µM,ED
14,36878.0,3.00kT,60µM,ED
15,33694.0,3.00kT,60µM,ED
16,30688.0,3.00kT,60µM,ED
17,28113.0,3.00kT,60µM,ED
18,26217.0,3.00kT,60µM,ED
19,24151.0,3.00kT,60µM,ED
20,22499.0,3.00kT,60µM,ED
21,21022.0,3.00kT,60µM,ED
22,19947.0,3.00kT,60µM,ED
23,18187.0,3.00kT,60µM,ED
24,17173.0,3.00kT,60µM,ED
25,16158.0,3.00kT,60µM,ED
26,15046.0,3.00kT,60µM,ED
27,14188.0,3.00kT,60µM,ED
28,13441.0,3.00kT,60µM,ED
29,12834.0,3.00kT,60µM,ED
30,12034.0,3.00kT,60µM,ED
31,11272.0,3.00kT,60µM,ED
32,10811.0,3.00kT,60µM,ED
33,10282.0,3.00kT,60µM,ED
34,9617.0,3.00kT,60µM,ED
35,8983.0,3.00kT,60µM,ED
36,8460.0,3.00kT,60µM,ED
37,8160.0,3.00kT,60µM,ED
38,7743.0,3.00kT,60µM,ED
39,7345.0,3.00kT,60µM,ED
40,6906.0,3.00kT,60µM,ED
41,6556.0,3.00kT,60µM,ED
42,6175.0,3.00kT,60µM,ED
43,5863.0,3.00kT,60µM,ED
44,5626.0,3.00kT,60µM,ED
45,5254.0,3.00kT,60µM,ED
46,5124.0,3.00kT,60µM,ED
47,4865.0,3.00kT,60µM,ED
48,4636.0,3.00kT,60µM,ED
49,4271.0,3.00kT,60µM,ED
50,4018.0,3.00kT,60µM,ED
51,3868.0,3.00kT,60µM,ED
52,3544.0,3.00kT,60µM,ED
53,3571.0,3.00kT,60µM,ED
54,3305.0,3.00kT,60µM,ED
55,3195.0,3.00kT,60µM,ED
56,3028.0,3.00kT,60µM,ED
57,2882.0,3.00kT,60µM,ED
58,2682.0,3.00kT,60µM,ED
59,2614.0,3.00kT,60µM,ED
60,2510.0,3.00kT,60µM,ED
61,2339.0,3.00kT,60µM,ED
62,2240.0,3.00kT,60µM,ED
63,2073.0,3.00kT,60µM,ED
64,2045.0,3.00kT,60µM,ED
65,1892.0,3.00kT,60µM,ED
66,1820.0,3.00kT,60µM,ED
67,1759.0,3.00kT,60µM,ED
68,1624.0,3.00kT,60µM,ED
69,1545.0,3.00kT,60µM,ED
70,1463.0,3.00kT,60µM,ED
71,1383.0,3.00kT,60µM,ED
72,1391.0,3.00kT,60µM,ED
73,1268.0,3.00kT,60µM,ED
74,1227.0,3.00kT,60µM,ED
75,1170.0,3.00kT,60µM,ED
76,1122.0,3.00kT,60µM,ED
77,1010.0,3.00kT,60µM,ED
78,990.0,3.00kT,60µM,ED
79,999.0,3.00kT,60µM,ED
80,914.0,3.00kT,60µM,ED
81,846.0,3.00kT,60µM,ED
82,837.0,3.00kT,60µM,ED
83,784.0,3.00kT,60µM,ED
84,778.0,3.00kT,60µM,ED
85,736.0,3.00kT,60µM,ED
86,664.0,3.00kT,60µM,ED
87,633.0,3.00kT,60µM,ED
88,587.0,3.00kT,60µM,ED
89,584.0,3.00kT,60µM,ED
90,550.0,3.00kT,60µM,ED
91,507.0,3.00kT,60µM,ED
92,467.0,3.00kT,60µM,ED
93,514.0,3.00kT,60µM,ED
94,444.0,3.00kT,60µM,ED
95,405.0,3.00kT,60µM,ED
96,420.0,3.00kT,60µM,ED
97,404.0,3.00kT,60µM,ED
98,388.0,3.00kT,60µM,ED
99,368.0,3.00kT,60µM,ED
100,357.0,3.00kT,60µM,ED
101,301.0,3.00kT,60µM,ED
102,323.0,3.00kT,60µM,ED
103,252.0,3.00kT,60µM,ED
104,273.0,3.00kT,60µM,ED
105,283.0,3.00kT,60µM,ED
106,250.0,3.00kT,60µM,ED
107,254.0,3.00kT,60µM,ED
108,232.0,3.00kT,60µM,ED
109,253.0,3.00kT,60µM,ED
110,207.0,3.00kT,60µM,ED
111,187.0,3.00kT,60µM,ED
112,196.0,3.00kT,60µM,ED
113,154.0,3.00kT,60µM,ED
114,192.0,3.00kT,60µM,ED
115,167.0,3.00kT,60µM,ED
116,153.0,3.00kT,60µM,ED
118,165.0,3.00kT,60µM,ED
120,145.0,3.00kT,60µM,ED
121,98.0,3.00kT,60µM,ED
122,112.0,3.00kT,60µM,ED
123,130.0,3.00kT,60µM,ED
125,119.0,3.00kT,60µM,ED
127,107.0,3.00kT,60µM,ED
128,86.0,3.00kT,60µM,ED
129,92.0,3.00kT,60µM,ED
131,76.0,3.00kT,60µM,ED
132,85.0,3.00kT,60µM,ED
133,59.0,3.00kT,60µM,ED
134,58.0,3.00kT,60µM,ED
136,57.0,3.00kT,60µM,ED
137,51.0,3.00kT,60µM,ED
139,64.0,3.00kT,60µM,ED
140,52.0,3.00kT,60µM,ED
141,42.0,3.00kT,60µM,ED
142,49.0,3.00kT,60µM,ED
144,48.0,3.00kT,60µM,ED
145,43.0,3.00kT,60µM,ED
147,33.0,3.00kT,60µM,ED
149,34.0,3.00kT,60µM,ED
151,29.0,3.00kT,60µM,ED
152,27.0,3.00kT,60µM,ED
154,28.0,3.00kT,60µM,ED
155,26.0,3.00kT,60µM,ED
156,23.0,3.00kT,60µM,ED
157,25.0,3.00kT,60µM,ED
158,19.0,3.00kT,60µM,ED
160,21.0,3.00kT,60µM,ED
161,18.0,3.00kT,60µM,ED
165,12.0,3.00kT,60µM,ED
166,14.0,3.00kT,60µM,ED
171,13.0,3.00kT,60µM,ED
175,11.0,3.00kT,60µM,ED
180,7.0,3.00kT,60µM,ED
187,8.0,3.00kT,60µM,ED
188,5.0,3.00kT,60µM,ED
189,9.0,3.00kT,60µM,ED
200,4.0,3.00kT,60µM,ED
211,2.0,3.00kT,60µM,ED
230,1.0,3.00kT,60µM,ED
1,53716.0,3.50kT,10µM,ED
2,44969.0,3.50kT,10µM,ED
3,38690.0,3.50kT,10µM,ED
4,33025.0,3.50kT,10µM,ED
5,28606.0,3.50kT,10µM,ED
6,25301.0,3.50kT,10µM,ED
7,22147.0,3.50kT,10µM,ED
8,19444.0,3.50kT,10µM,ED
9,17451.0,3.50kT,10µM,ED
10,15312.0,3.50kT,10µM,ED
11,13618.0,3.50kT,10µM,ED
12,11922.0,3.50kT,10µM,ED
13,10734.0,3.50kT,10µM,ED
14,9567.0,3.50kT,10µM,ED
15,8580.0,3.50kT,10µM,ED
16,7624.0,3.50kT,10µM,ED
17,7025.0,3.50kT,10µM,ED
18,6168.0,3.50kT,10µM,ED
19,5637.0,3.50kT,10µM,ED
20,5104.0,3.50kT,10µM,ED
21,4536.0,3.50kT,10µM,ED
22,4162.0,3.50kT,10µM,ED
23,3760.0,3.50kT,10µM,ED
24,3503.0,3.50kT,10µM,ED
25,3127.0,3.50kT,10µM,ED
26,2694.0,3.50kT,10µM,ED
27,2622.0,3.50kT,10µM,ED
28,2284.0,3.50kT,10µM,ED
29,2118.0,3.50kT,10µM,ED
30,1993.0,3.50kT,10µM,ED
31,1773.0,3.50kT,10µM,ED
32,1640.0,3.50kT,10µM,ED
33,1497.0,3.50kT,10µM,ED
34,1403.0,3.50kT,10µM,ED
35,1286.0,3.50kT,10µM,ED
36,1188.0,3.50kT,10µM,ED
37,1143.0,3.50kT,10µM,ED
38,1025.0,3.50kT,10µM,ED
39,916.0,3.50kT,10µM,ED
40,852.0,3.50kT,10µM,ED
41,741.0,3.50kT,10µM,ED
42,769.0,3.50kT,10µM,ED
43,676.0,3.50kT,10µM,ED
44,625.0,3.50kT,10µM,ED
45,521.0,3.50kT,10µM,ED
46,519.0,3.50kT,10µM,ED
47,489.0,3.50kT,10µM,ED
48,437.0,3.50kT,10µM,ED
49,467.0,3.50kT,10µM,ED
50,395.0,3.50kT,10µM,ED
51,411.0,3.50kT,10µM,ED
52,354.0,3.50kT,10µM,ED
53,344.0,3.50kT,10µM,ED
54,312.0,3.50kT,10µM,ED
55,278.0,3.50kT,10µM,ED
56,270.0,3.50kT,10µM,ED
57,237.0,3.50kT,10µM,ED
58,242.0,3.50kT,10µM,ED
59,226.0,3.50kT,10µM,ED
60,212.0,3.50kT,10µM,ED
61,196.0,3.50kT,10µM,ED
62,185.0,3.50kT,10µM,ED
63,187.0,3.50kT,10µM,ED
64,160.0,3.50kT,10µM,ED
65,165.0,3.50kT,10µM,ED
66,139.0,3.50kT,10µM,ED
67,155.0,3.50kT,10µM,ED
68,158.0,3.50kT,10µM,ED
69,128.0,3.50kT,10µM,ED
70,120.0,3.50kT,10µM,ED
71,102.0,3.50kT,10µM,ED
72,129.0,3.50kT,10µM,ED
73,94.0,3.50kT,10µM,ED
74,115.0,3.50kT,10µM,ED
75,83.0,3.50kT,10µM,ED
76,81.0,3.50kT,10µM,ED
77,87.0,3.50kT,10µM,ED
78,84.0,3.50kT,10µM,ED
79,70.0,3.50kT,10µM,ED
80,69.0,3.50kT,10µM,ED
81,80.0,3.50kT,10µM,ED
83,53.0,3.50kT,10µM,ED
84,59.0,3.50kT,10µM,ED
85,61.0,3.50kT,10µM,ED
86,57.0,3.50kT,10µM,ED
88,51.0,3.50kT,10µM,ED
90,36.0,3.50kT,10µM,ED
91,45.0,3.50kT,10µM,ED
92,38.0,3.50kT,10µM,ED
95,39.0,3.50kT,10µM,ED
96,29.0,3.50kT,10µM,ED
97,30.0,3.50kT,10µM,ED
98,32.0,3.50kT,10µM,ED
100,24.0,3.50kT,10µM,ED
104,20.0,3.50kT,10µM,ED
105,26.0,3.50kT,10µM,ED
106,21.0,3.50kT,10µM,ED
108,19.0,3.50kT,10µM,ED
110,25.0,3.50kT,10µM,ED
112,18.0,3.50kT,10µM,ED
116,9.0,3.50kT,10µM,ED
117,12.0,3.50kT,10µM,ED
119,11.0,3.50kT,10µM,ED
122,13.0,3.50kT,10µM,ED
131,10.0,3.50kT,10µM,ED
133,8.0,3.50kT,10µM,ED
141,5.0,3.50kT,10µM,ED
150,6.0,3.50kT,10µM,ED
166,3.0,3.50kT,10µM,ED
167,4.0,3.50kT,10µM,ED
197,1.0,3.50kT,10µM,ED
1,31774.0,3.50kT,20µM,ED
2,26884.0,3.50kT,20µM,ED
3,22761.0,3.50kT,20µM,ED
4,19949.0,3.50kT,20µM,ED
5,17366.0,3.50kT,20µM,ED
6,15606.0,3.50kT,20µM,ED
7,13836.0,3.50kT,20µM,ED
8,12175.0,3.50kT,20µM,ED
9,10859.0,3.50kT,20µM,ED
10,9654.0,3.50kT,20µM,ED
11,8864.0,3.50kT,20µM,ED
12,7912.0,3.50kT,20µM,ED
13,7191.0,3.50kT,20µM,ED
14,6494.0,3.50kT,20µM,ED
15,6041.0,3.50kT,20µM,ED
16,5353.0,3.50kT,20µM,ED
17,4931.0,3.50kT,20µM,ED
18,4564.0,3.50kT,20µM,ED
19,4181.0,3.50kT,20µM,ED
20,3908.0,3.50kT,20µM,ED
21,3603.0,3.50kT,20µM,ED
22,3308.0,3.50kT,20µM,ED
23,3014.0,3.50kT,20µM,ED
24,2824.0,3.50kT,20µM,ED
25,2684.0,3.50kT,20µM,ED
26,2515.0,3.50kT,20µM,ED
27,2381.0,3.50kT,20µM,ED
28,2179.0,3.50kT,20µM,ED
29,2011.0,3.50kT,20µM,ED
30,1964.0,3.50kT,20µM,ED
31,1872.0,3.50kT,20µM,ED
32,1712.0,3.50kT,20µM,ED
33,1639.0,3.50kT,20µM,ED
34,1579.0,3.50kT,20µM,ED
35,1444.0,3.50kT,20µM,ED
36,1422.0,3.50kT,20µM,ED
37,1407.0,3.50kT,20µM,ED
38,1347.0,3.50kT,20µM,ED
39,1222.0,3.50kT,20µM,ED
40,1171.0,3.50kT,20µM,ED
41,1179.0,3.50kT,20µM,ED
42,1103.0,3.50kT,20µM,ED
43,961.0,3.50kT,20µM,ED
45,942.0,3.50kT,20µM,ED
46,865.0,3.50kT,20µM,ED
48,845.0,3.50kT,20µM,ED
49,790.0,3.50kT,20µM,ED
50,814.0,3.50kT,20µM,ED
51,715.0,3.50kT,20µM,ED
52,763.0,3.50kT,20µM,ED
53,679.0,3.50kT,20µM,ED
54,707.0,3.50kT,20µM,ED
55,681.0,3.50kT,20µM,ED
56,646.0,3.50kT,20µM,ED
57,617.0,3.50kT,20µM,ED
58,594.0,3.50kT,20µM,ED
59,603.0,3.50kT,20µM,ED
60,545.0,3.50kT,20µM,ED
61,542.0,3.50kT,20µM,ED
62,511.0,3.50kT,20µM,ED
63,514.0,3.50kT,20µM,ED
64,540.0,3.50kT,20µM,ED
65,512.0,3.50kT,20µM,ED
66,508.0,3.50kT,20µM,ED
67,490.0,3.50kT,20µM,ED
68,453.0,3.50kT,20µM,ED
69,418.0,3.50kT,20µM,ED
70,420.0,3.50kT,20µM,ED
71,397.0,3.50kT,20µM,ED
72,448.0,3.50kT,20µM,ED
73,367.0,3.50kT,20µM,ED
74,371.0,3.50kT,20µM,ED
75,359.0,3.50kT,20µM,ED
76,378.0,3.50kT,20µM,ED
77,358.0,3.50kT,20µM,ED
79,330.0,3.50kT,20µM,ED
81,291.0,3.50kT,20µM,ED
82,328.0,3.50kT,20µM,ED
83,287.0,3.50kT,20µM,ED
84,309.0,3.50kT,20µM,ED
85,310.0,3.50kT,20µM,ED
86,294.0,3.50kT,20µM,ED
87,264.0,3.50kT,20µM,ED
88,305.0,3.50kT,20µM,ED
89,252.0,3.50kT,20µM,ED
90,253.0,3.50kT,20µM,ED
91,261.0,3.50kT,20µM,ED
92,265.0,3.50kT,20µM,ED
93,228.0,3.50kT,20µM,ED
94,219.0,3.50kT,20µM,ED
95,232.0,3.50kT,20µM,ED
96,213.0,3.50kT,20µM,ED
97,198.0,3.50kT,20µM,ED
98,216.0,3.50kT,20µM,ED
99,200.0,3.50kT,20µM,ED
100,192.0,3.50kT,20µM,ED
101,212.0,3.50kT,20µM,ED
102,197.0,3.50kT,20µM,ED
103,183.0,3.50kT,20µM,ED
104,201.0,3.50kT,20µM,ED
105,195.0,3.50kT,20µM,ED
106,186.0,3.50kT,20µM,ED
107,178.0,3.50kT,20µM,ED
108,190.0,3.50kT,20µM,ED
109,187.0,3.50kT,20µM,ED
110,171.0,3.50kT,20µM,ED
111,175.0,3.50kT,20µM,ED
112,141.0,3.50kT,20µM,ED
113,153.0,3.50kT,20µM,ED
114,159.0,3.50kT,20µM,ED
115,166.0,3.50kT,20µM,ED
117,145.0,3.50kT,20µM,ED
118,146.0,3.50kT,20µM,ED
119,152.0,3.50kT,20µM,ED
120,144.0,3.50kT,20µM,ED
121,139.0,3.50kT,20µM,ED
122,116.0,3.50kT,20µM,ED
124,157.0,3.50kT,20µM,ED
125,163.0,3.50kT,20µM,ED
126,127.0,3.50kT,20µM,ED
127,129.0,3.50kT,20µM,ED
128,135.0,3.50kT,20µM,ED
129,117.0,3.50kT,20µM,ED
131,126.0,3.50kT,20µM,ED
134,114.0,3.50kT,20µM,ED
135,109.0,3.50kT,20µM,ED
137,104.0,3.50kT,20µM,ED
138,125.0,3.50kT,20µM,ED
139,122.0,3.50kT,20µM,ED
141,102.0,3.50kT,20µM,ED
142,108.0,3.50kT,20µM,ED
143,93.0,3.50kT,20µM,ED
145,105.0,3.50kT,20µM,ED
147,98.0,3.50kT,20µM,ED
149,90.0,3.50kT,20µM,ED
152,96.0,3.50kT,20µM,ED
153,86.0,3.50kT,20µM,ED
155,76.0,3.50kT,20µM,ED
156,84.0,3.50kT,20µM,ED
160,80.0,3.50kT,20µM,ED
161,62.0,3.50kT,20µM,ED
164,77.0,3.50kT,20µM,ED
166,63.0,3.50kT,20µM,ED
167,69.0,3.50kT,20µM,ED
168,67.0,3.50kT,20µM,ED
169,52.0,3.50kT,20µM,ED
173,64.0,3.50kT,20µM,ED
174,65.0,3.50kT,20µM,ED
175,61.0,3.50kT,20µM,ED
176,66.0,3.50kT,20µM,ED
179,46.0,3.50kT,20µM,ED
180,57.0,3.50kT,20µM,ED
181,60.0,3.50kT,20µM,ED
182,54.0,3.50kT,20µM,ED
183,59.0,3.50kT,20µM,ED
185,58.0,3.50kT,20µM,ED
190,55.0,3.50kT,20µM,ED
194,49.0,3.50kT,20µM,ED
195,50.0,3.50kT,20µM,ED
196,45.0,3.50kT,20µM,ED
206,41.0,3.50kT,20µM,ED
208,51.0,3.50kT,20µM,ED
211,43.0,3.50kT,20µM,ED
212,48.0,3.50kT,20µM,ED
217,47.0,3.50kT,20µM,ED
219,42.0,3.50kT,20µM,ED
224,39.0,3.50kT,20µM,ED
225,44.0,3.50kT,20µM,ED
241,34.0,3.50kT,20µM,ED
248,31.0,3.50kT,20µM,ED
251,38.0,3.50kT,20µM,ED
262,32.0,3.50kT,20µM,ED
265,26.0,3.50kT,20µM,ED
266,28.0,3.50kT,20µM,ED
271,27.0,3.50kT,20µM,ED
275,29.0,3.50kT,20µM,ED
283,35.0,3.50kT,20µM,ED
287,24.0,3.50kT,20µM,ED
312,22.0,3.50kT,20µM,ED
317,18.0,3.50kT,20µM,ED
323,21.0,3.50kT,20µM,ED
326,19.0,3.50kT,20µM,ED
338,17.0,3.50kT,20µM,ED
340,16.0,3.50kT,20µM,ED
381,15.0,3.50kT,20µM,ED
388,13.0,3.50kT,20µM,ED
406,14.0,3.50kT,20µM,ED
440,11.0,3.50kT,20µM,ED
468,10.0,3.50kT,20µM,ED
515,9.0,3.50kT,20µM,ED
517,8.0,3.50kT,20µM,ED
536,7.0,3.50kT,20µM,ED
708,4.0,3.50kT,20µM,ED
832,3.0,3.50kT,20µM,ED
1168,1.0,3.50kT,20µM,ED
1,29436.0,3.50kT,40µM,ED
2,25185.0,3.50kT,40µM,ED
3,21927.0,3.50kT,40µM,ED
4,19149.0,3.50kT,40µM,ED
5,16834.0,3.50kT,40µM,ED
6,15124.0,3.50kT,40µM,ED
7,13718.0,3.50kT,40µM,ED
8,12174.0,3.50kT,40µM,ED
9,11037.0,3.50kT,40µM,ED
10,10024.0,3.50kT,40µM,ED
11,9005.0,3.50kT,40µM,ED
12,8424.0,3.50kT,40µM,ED
13,7657.0,3.50kT,40µM,ED
14,7051.0,3.50kT,40µM,ED
15,6745.0,3.50kT,40µM,ED
16,6207.0,3.50kT,40µM,ED
17,5782.0,3.50kT,40µM,ED
18,5496.0,3.50kT,40µM,ED
19,5179.0,3.50kT,40µM,ED
20,4615.0,3.50kT,40µM,ED
21,4361.0,3.50kT,40µM,ED
22,4111.0,3.50kT,40µM,ED
23,3870.0,3.50kT,40µM,ED
24,3734.0,3.50kT,40µM,ED
25,3499.0,3.50kT,40µM,ED
26,3342.0,3.50kT,40µM,ED
27,3214.0,3.50kT,40µM,ED
28,3196.0,3.50kT,40µM,ED
29,2887.0,3.50kT,40µM,ED
30,2859.0,3.50kT,40µM,ED
31,2615.0,3.50kT,40µM,ED
32,2553.0,3.50kT,40µM,ED
33,2492.0,3.50kT,40µM,ED
34,2307.0,3.50kT,40µM,ED
35,2306.0,3.50kT,40µM,ED
36,2081.0,3.50kT,40µM,ED
37,2128.0,3.50kT,40µM,ED
38,2047.0,3.50kT,40µM,ED
39,1996.0,3.50kT,40µM,ED
40,1785.0,3.50kT,40µM,ED
41,1842.0,3.50kT,40µM,ED
42,1750.0,3.50kT,40µM,ED
43,1640.0,3.50kT,40µM,ED
44,1607.0,3.50kT,40µM,ED
45,1536.0,3.50kT,40µM,ED
46,1494.0,3.50kT,40µM,ED
47,1485.0,3.50kT,40µM,ED
48,1444.0,3.50kT,40µM,ED
49,1358.0,3.50kT,40µM,ED
50,1388.0,3.50kT,40µM,ED
51,1268.0,3.50kT,40µM,ED
52,1269.0,3.50kT,40µM,ED
53,1300.0,3.50kT,40µM,ED
54,1200.0,3.50kT,40µM,ED
55,1234.0,3.50kT,40µM,ED
56,1146.0,3.50kT,40µM,ED
57,1116.0,3.50kT,40µM,ED
58,1051.0,3.50kT,40µM,ED
59,1007.0,3.50kT,40µM,ED
61,1034.0,3.50kT,40µM,ED
63,958.0,3.50kT,40µM,ED
64,882.0,3.50kT,40µM,ED
65,903.0,3.50kT,40µM,ED
66,886.0,3.50kT,40µM,ED
67,871.0,3.50kT,40µM,ED
68,859.0,3.50kT,40µM,ED
69,795.0,3.50kT,40µM,ED
70,872.0,3.50kT,40µM,ED
71,734.0,3.50kT,40µM,ED
72,693.0,3.50kT,40µM,ED
73,718.0,3.50kT,40µM,ED
74,697.0,3.50kT,40µM,ED
75,731.0,3.50kT,40µM,ED
76,726.0,3.50kT,40µM,ED
77,675.0,3.50kT,40µM,ED
78,654.0,3.50kT,40µM,ED
79,684.0,3.50kT,40µM,ED
80,637.0,3.50kT,40µM,ED
81,630.0,3.50kT,40µM,ED
82,585.0,3.50kT,40µM,ED
83,568.0,3.50kT,40µM,ED
84,571.0,3.50kT,40µM,ED
85,538.0,3.50kT,40µM,ED
86,550.0,3.50kT,40µM,ED
87,541.0,3.50kT,40µM,ED
88,525.0,3.50kT,40µM,ED
89,537.0,3.50kT,40µM,ED
90,495.0,3.50kT,40µM,ED
91,488.0,3.50kT,40µM,ED
92,494.0,3.50kT,40µM,ED
93,444.0,3.50kT,40µM,ED
94,443.0,3.50kT,40µM,ED
95,453.0,3.50kT,40µM,ED
96,433.0,3.50kT,40µM,ED
97,461.0,3.50kT,40µM,ED
98,431.0,3.50kT,40µM,ED
99,417.0,3.50kT,40µM,ED
100,435.0,3.50kT,40µM,ED
101,407.0,3.50kT,40µM,ED
102,369.0,3.50kT,40µM,ED
104,387.0,3.50kT,40µM,ED
105,385.0,3.50kT,40µM,ED
106,383.0,3.50kT,40µM,ED
108,351.0,3.50kT,40µM,ED
109,381.0,3.50kT,40µM,ED
110,329.0,3.50kT,40µM,ED
111,382.0,3.50kT,40µM,ED
112,340.0,3.50kT,40µM,ED
113,325.0,3.50kT,40µM,ED
114,315.0,3.50kT,40µM,ED
115,284.0,3.50kT,40µM,ED
116,291.0,3.50kT,40µM,ED
117,319.0,3.50kT,40µM,ED
118,296.0,3.50kT,40µM,ED
119,311.0,3.50kT,40µM,ED
120,280.0,3.50kT,40µM,ED
121,293.0,3.50kT,40µM,ED
122,309.0,3.50kT,40µM,ED
123,298.0,3.50kT,40µM,ED
125,297.0,3.50kT,40µM,ED
126,269.0,3.50kT,40µM,ED
127,272.0,3.50kT,40µM,ED
129,263.0,3.50kT,40µM,ED
131,270.0,3.50kT,40µM,ED
132,249.0,3.50kT,40µM,ED
133,251.0,3.50kT,40µM,ED
134,224.0,3.50kT,40µM,ED
135,212.0,3.50kT,40µM,ED
136,229.0,3.50kT,40µM,ED
138,228.0,3.50kT,40µM,ED
140,234.0,3.50kT,40µM,ED
141,218.0,3.50kT,40µM,ED
144,199.0,3.50kT,40µM,ED
145,220.0,3.50kT,40µM,ED
146,197.0,3.50kT,40µM,ED
149,204.0,3.50kT,40µM,ED
150,185.0,3.50kT,40µM,ED
151,191.0,3.50kT,40µM,ED
152,187.0,3.50kT,40µM,ED
154,170.0,3.50kT,40µM,ED
155,174.0,3.50kT,40µM,ED
157,172.0,3.50kT,40µM,ED
158,155.0,3.50kT,40µM,ED
159,146.0,3.50kT,40µM,ED
160,140.0,3.50kT,40µM,ED
161,183.0,3.50kT,40µM,ED
162,162.0,3.50kT,40µM,ED
163,149.0,3.50kT,40µM,ED
164,171.0,3.50kT,40µM,ED
165,169.0,3.50kT,40µM,ED
166,181.0,3.50kT,40µM,ED
167,129.0,3.50kT,40µM,ED
168,160.0,3.50kT,40µM,ED
170,164.0,3.50kT,40µM,ED
171,163.0,3.50kT,40µM,ED
173,145.0,3.50kT,40µM,ED
174,165.0,3.50kT,40µM,ED
175,141.0,3.50kT,40µM,ED
177,147.0,3.50kT,40µM,ED
178,127.0,3.50kT,40µM,ED
179,133.0,3.50kT,40µM,ED
180,134.0,3.50kT,40µM,ED
184,119.0,3.50kT,40µM,ED
185,118.0,3.50kT,40µM,ED
189,135.0,3.50kT,40µM,ED
190,112.0,3.50kT,40µM,ED
191,132.0,3.50kT,40µM,ED
193,138.0,3.50kT,40µM,ED
194,117.0,3.50kT,40µM,ED
198,109.0,3.50kT,40µM,ED
200,108.0,3.50kT,40µM,ED
203,128.0,3.50kT,40µM,ED
206,105.0,3.50kT,40µM,ED
207,104.0,3.50kT,40µM,ED
208,111.0,3.50kT,40µM,ED
209,90.0,3.50kT,40µM,ED
213,88.0,3.50kT,40µM,ED
214,103.0,3.50kT,40µM,ED
215,87.0,3.50kT,40µM,ED
216,101.0,3.50kT,40µM,ED
218,100.0,3.50kT,40µM,ED
221,94.0,3.50kT,40µM,ED
224,85.0,3.50kT,40µM,ED
225,93.0,3.50kT,40µM,ED
227,91.0,3.50kT,40µM,ED
231,98.0,3.50kT,40µM,ED
232,79.0,3.50kT,40µM,ED
236,92.0,3.50kT,40µM,ED
238,82.0,3.50kT,40µM,ED
243,86.0,3.50kT,40µM,ED
245,76.0,3.50kT,40µM,ED
246,69.0,3.50kT,40µM,ED
248,71.0,3.50kT,40µM,ED
264,57.0,3.50kT,40µM,ED
266,72.0,3.50kT,40µM,ED
270,65.0,3.50kT,40µM,ED
279,68.0,3.50kT,40µM,ED
280,70.0,3.50kT,40µM,ED
281,63.0,3.50kT,40µM,ED
292,59.0,3.50kT,40µM,ED
293,58.0,3.50kT,40µM,ED
294,60.0,3.50kT,40µM,ED
303,50.0,3.50kT,40µM,ED
307,56.0,3.50kT,40µM,ED
315,53.0,3.50kT,40µM,ED
321,49.0,3.50kT,40µM,ED
323,45.0,3.50kT,40µM,ED
328,48.0,3.50kT,40µM,ED
329,46.0,3.50kT,40µM,ED
332,51.0,3.50kT,40µM,ED
340,43.0,3.50kT,40µM,ED
344,52.0,3.50kT,40µM,ED
346,44.0,3.50kT,40µM,ED
349,41.0,3.50kT,40µM,ED
351,33.0,3.50kT,40µM,ED
369,39.0,3.50kT,40µM,ED
373,40.0,3.50kT,40µM,ED
375,36.0,3.50kT,40µM,ED
376,37.0,3.50kT,40µM,ED
382,42.0,3.50kT,40µM,ED
390,32.0,3.50kT,40µM,ED
392,35.0,3.50kT,40µM,ED
395,31.0,3.50kT,40µM,ED
405,29.0,3.50kT,40µM,ED
407,26.0,3.50kT,40µM,ED
418,28.0,3.50kT,40µM,ED
428,27.0,3.50kT,40µM,ED
429,30.0,3.50kT,40µM,ED
441,25.0,3.50kT,40µM,ED
460,24.0,3.50kT,40µM,ED
476,23.0,3.50kT,40µM,ED
495,21.0,3.50kT,40µM,ED
497,22.0,3.50kT,40µM,ED
531,20.0,3.50kT,40µM,ED
540,19.0,3.50kT,40µM,ED
559,16.0,3.50kT,40µM,ED
587,14.0,3.50kT,40µM,ED
598,17.0,3.50kT,40µM,ED
609,15.0,3.50kT,40µM,ED
631,13.0,3.50kT,40µM,ED
695,11.0,3.50kT,40µM,ED
698,10.0,3.50kT,40µM,ED
739,9.0,3.50kT,40µM,ED
779,8.0,3.50kT,40µM,ED
827,7.0,3.50kT,40µM,ED
858,6.0,3.50kT,40µM,ED
1042,4.0,3.50kT,40µM,ED
1148,3.0,3.50kT,40µM,ED
1369,2.0,3.50kT,40µM,ED
1698,1.0,3.50kT,40µM,ED
1,30790.0,3.50kT,60µM,ED
2,26646.0,3.50kT,60µM,ED
3,23355.0,3.50kT,60µM,ED
4,20766.0,3.50kT,60µM,ED
5,18623.0,3.50kT,60µM,ED
6,16785.0,3.50kT,60µM,ED
7,15170.0,3.50kT,60µM,ED
8,13677.0,3.50kT,60µM,ED
9,12697.0,3.50kT,60µM,ED
10,11818.0,3.50kT,60µM,ED
11,11000.0,3.50kT,60µM,ED
12,10126.0,3.50kT,60µM,ED
13,9534.0,3.50kT,60µM,ED
14,8787.0,3.50kT,60µM,ED
15,8243.0,3.50kT,60µM,ED
16,7864.0,3.50kT,60µM,ED
17,7372.0,3.50kT,60µM,ED
18,6970.0,3.50kT,60µM,ED
19,6535.0,3.50kT,60µM,ED
20,6218.0,3.50kT,60µM,ED
21,5761.0,3.50kT,60µM,ED
22,5543.0,3.50kT,60µM,ED
23,5375.0,3.50kT,60µM,ED
24,5092.0,3.50kT,60µM,ED
25,4787.0,3.50kT,60µM,ED
26,4648.0,3.50kT,60µM,ED
27,4469.0,3.50kT,60µM,ED
28,4223.0,3.50kT,60µM,ED
30,4112.0,3.50kT,60µM,ED
31,3887.0,3.50kT,60µM,ED
32,3771.0,3.50kT,60µM,ED
33,3561.0,3.50kT,60µM,ED
34,3452.0,3.50kT,60µM,ED
35,3245.0,3.50kT,60µM,ED
36,3101.0,3.50kT,60µM,ED
37,3228.0,3.50kT,60µM,ED
38,3017.0,3.50kT,60µM,ED
39,2891.0,3.50kT,60µM,ED
40,2747.0,3.50kT,60µM,ED
41,2739.0,3.50kT,60µM,ED
42,2615.0,3.50kT,60µM,ED
43,2509.0,3.50kT,60µM,ED
44,2472.0,3.50kT,60µM,ED
45,2329.0,3.50kT,60µM,ED
46,2325.0,3.50kT,60µM,ED
47,2250.0,3.50kT,60µM,ED
48,2149.0,3.50kT,60µM,ED
49,2207.0,3.50kT,60µM,ED
50,2125.0,3.50kT,60µM,ED
51,1983.0,3.50kT,60µM,ED
52,1991.0,3.50kT,60µM,ED
53,1901.0,3.50kT,60µM,ED
54,1893.0,3.50kT,60µM,ED
55,1852.0,3.50kT,60µM,ED
56,1765.0,3.50kT,60µM,ED
57,1709.0,3.50kT,60µM,ED
58,1680.0,3.50kT,60µM,ED
59,1696.0,3.50kT,60µM,ED
60,1580.0,3.50kT,60µM,ED
61,1536.0,3.50kT,60µM,ED
62,1474.0,3.50kT,60µM,ED
63,1483.0,3.50kT,60µM,ED
64,1433.0,3.50kT,60µM,ED
65,1366.0,3.50kT,60µM,ED
66,1344.0,3.50kT,60µM,ED
67,1335.0,3.50kT,60µM,ED
68,1318.0,3.50kT,60µM,ED
69,1300.0,3.50kT,60µM,ED
70,1246.0,3.50kT,60µM,ED
71,1229.0,3.50kT,60µM,ED
72,1220.0,3.50kT,60µM,ED
73,1145.0,3.50kT,60µM,ED
74,1187.0,3.50kT,60µM,ED
75,1149.0,3.50kT,60µM,ED
76,1084.0,3.50kT,60µM,ED
77,1095.0,3.50kT,60µM,ED
78,1053.0,3.50kT,60µM,ED
79,1033.0,3.50kT,60µM,ED
80,1021.0,3.50kT,60µM,ED
82,947.0,3.50kT,60µM,ED
83,962.0,3.50kT,60µM,ED
84,932.0,3.50kT,60µM,ED
85,866.0,3.50kT,60µM,ED
86,911.0,3.50kT,60µM,ED
87,855.0,3.50kT,60µM,ED
88,802.0,3.50kT,60µM,ED
89,801.0,3.50kT,60µM,ED
90,787.0,3.50kT,60µM,ED
91,793.0,3.50kT,60µM,ED
92,730.0,3.50kT,60µM,ED
93,777.0,3.50kT,60µM,ED
94,743.0,3.50kT,60µM,ED
95,700.0,3.50kT,60µM,ED
96,739.0,3.50kT,60µM,ED
97,708.0,3.50kT,60µM,ED
98,744.0,3.50kT,60µM,ED
99,655.0,3.50kT,60µM,ED
100,685.0,3.50kT,60µM,ED
101,695.0,3.50kT,60µM,ED
102,669.0,3.50kT,60µM,ED
103,644.0,3.50kT,60µM,ED
104,645.0,3.50kT,60µM,ED
105,629.0,3.50kT,60µM,ED
106,625.0,3.50kT,60µM,ED
107,605.0,3.50kT,60µM,ED
108,583.0,3.50kT,60µM,ED
109,560.0,3.50kT,60µM,ED
110,524.0,3.50kT,60µM,ED
111,579.0,3.50kT,60µM,ED
112,536.0,3.50kT,60µM,ED
113,574.0,3.50kT,60µM,ED
114,537.0,3.50kT,60µM,ED
115,540.0,3.50kT,60µM,ED
116,508.0,3.50kT,60µM,ED
117,500.0,3.50kT,60µM,ED
118,482.0,3.50kT,60µM,ED
119,501.0,3.50kT,60µM,ED
120,510.0,3.50kT,60µM,ED
121,453.0,3.50kT,60µM,ED
122,498.0,3.50kT,60µM,ED
124,475.0,3.50kT,60µM,ED
125,469.0,3.50kT,60µM,ED
126,434.0,3.50kT,60µM,ED
128,427.0,3.50kT,60µM,ED
129,385.0,3.50kT,60µM,ED
130,412.0,3.50kT,60µM,ED
131,408.0,3.50kT,60µM,ED
132,415.0,3.50kT,60µM,ED
133,377.0,3.50kT,60µM,ED
134,411.0,3.50kT,60µM,ED
135,369.0,3.50kT,60µM,ED
136,381.0,3.50kT,60µM,ED
137,379.0,3.50kT,60µM,ED
138,342.0,3.50kT,60µM,ED
140,380.0,3.50kT,60µM,ED
141,349.0,3.50kT,60µM,ED
142,361.0,3.50kT,60µM,ED
143,348.0,3.50kT,60µM,ED
144,370.0,3.50kT,60µM,ED
145,337.0,3.50kT,60µM,ED
146,346.0,3.50kT,60µM,ED
147,315.0,3.50kT,60µM,ED
149,323.0,3.50kT,60µM,ED
150,303.0,3.50kT,60µM,ED
151,314.0,3.50kT,60µM,ED
152,340.0,3.50kT,60µM,ED
153,294.0,3.50kT,60µM,ED
154,317.0,3.50kT,60µM,ED
155,290.0,3.50kT,60µM,ED
156,296.0,3.50kT,60µM,ED
158,322.0,3.50kT,60µM,ED
159,307.0,3.50kT,60µM,ED
160,297.0,3.50kT,60µM,ED
161,293.0,3.50kT,60µM,ED
163,304.0,3.50kT,60µM,ED
164,272.0,3.50kT,60µM,ED
165,279.0,3.50kT,60µM,ED
166,263.0,3.50kT,60µM,ED
167,274.0,3.50kT,60µM,ED
168,260.0,3.50kT,60µM,ED
169,255.0,3.50kT,60µM,ED
170,250.0,3.50kT,60µM,ED
171,258.0,3.50kT,60µM,ED
172,241.0,3.50kT,60µM,ED
173,242.0,3.50kT,60µM,ED
174,233.0,3.50kT,60µM,ED
176,256.0,3.50kT,60µM,ED
177,236.0,3.50kT,60µM,ED
180,235.0,3.50kT,60µM,ED
183,201.0,3.50kT,60µM,ED
184,230.0,3.50kT,60µM,ED
185,212.0,3.50kT,60µM,ED
188,208.0,3.50kT,60µM,ED
191,196.0,3.50kT,60µM,ED
192,193.0,3.50kT,60µM,ED
194,181.0,3.50kT,60µM,ED
195,189.0,3.50kT,60µM,ED
197,188.0,3.50kT,60µM,ED
198,191.0,3.50kT,60µM,ED
199,194.0,3.50kT,60µM,ED
200,182.0,3.50kT,60µM,ED
203,187.0,3.50kT,60µM,ED
204,198.0,3.50kT,60µM,ED
205,184.0,3.50kT,60µM,ED
208,179.0,3.50kT,60µM,ED
210,171.0,3.50kT,60µM,ED
211,164.0,3.50kT,60µM,ED
215,152.0,3.50kT,60µM,ED
220,159.0,3.50kT,60µM,ED
221,149.0,3.50kT,60µM,ED
225,155.0,3.50kT,60µM,ED
227,146.0,3.50kT,60µM,ED
230,142.0,3.50kT,60µM,ED
231,134.0,3.50kT,60µM,ED
232,153.0,3.50kT,60µM,ED
233,150.0,3.50kT,60µM,ED
240,147.0,3.50kT,60µM,ED
243,136.0,3.50kT,60µM,ED
247,117.0,3.50kT,60µM,ED
252,110.0,3.50kT,60µM,ED
254,120.0,3.50kT,60µM,ED
255,128.0,3.50kT,60µM,ED
257,105.0,3.50kT,60µM,ED
259,119.0,3.50kT,60µM,ED
264,106.0,3.50kT,60µM,ED
267,118.0,3.50kT,60µM,ED
269,87.0,3.50kT,60µM,ED
270,107.0,3.50kT,60µM,ED
272,115.0,3.50kT,60µM,ED
278,109.0,3.50kT,60µM,ED
282,95.0,3.50kT,60µM,ED
285,90.0,3.50kT,60µM,ED
287,94.0,3.50kT,60µM,ED
288,79.0,3.50kT,60µM,ED
290,99.0,3.50kT,60µM,ED
293,92.0,3.50kT,60µM,ED
294,89.0,3.50kT,60µM,ED
296,93.0,3.50kT,60µM,ED
297,101.0,3.50kT,60µM,ED
299,97.0,3.50kT,60µM,ED
300,100.0,3.50kT,60µM,ED
302,96.0,3.50kT,60µM,ED
305,77.0,3.50kT,60µM,ED
307,86.0,3.50kT,60µM,ED
309,84.0,3.50kT,60µM,ED
314,81.0,3.50kT,60µM,ED
321,85.0,3.50kT,60µM,ED
325,88.0,3.50kT,60µM,ED
332,67.0,3.50kT,60µM,ED
338,76.0,3.50kT,60µM,ED
340,72.0,3.50kT,60µM,ED
345,63.0,3.50kT,60µM,ED
357,66.0,3.50kT,60µM,ED
360,58.0,3.50kT,60µM,ED
362,62.0,3.50kT,60µM,ED
367,64.0,3.50kT,60µM,ED
370,65.0,3.50kT,60µM,ED
376,74.0,3.50kT,60µM,ED
379,56.0,3.50kT,60µM,ED
380,41.0,3.50kT,60µM,ED
389,53.0,3.50kT,60µM,ED
392,48.0,3.50kT,60µM,ED
396,49.0,3.50kT,60µM,ED
398,55.0,3.50kT,60µM,ED
404,50.0,3.50kT,60µM,ED
407,54.0,3.50kT,60µM,ED
411,51.0,3.50kT,60µM,ED
415,44.0,3.50kT,60µM,ED
425,42.0,3.50kT,60µM,ED
429,47.0,3.50kT,60µM,ED
432,46.0,3.50kT,60µM,ED
437,45.0,3.50kT,60µM,ED
450,37.0,3.50kT,60µM,ED
452,43.0,3.50kT,60µM,ED
461,40.0,3.50kT,60µM,ED
468,36.0,3.50kT,60µM,ED
492,33.0,3.50kT,60µM,ED
501,34.0,3.50kT,60µM,ED
539,26.0,3.50kT,60µM,ED
540,30.0,3.50kT,60µM,ED
557,27.0,3.50kT,60µM,ED
562,24.0,3.50kT,60µM,ED
568,28.0,3.50kT,60µM,ED
588,23.0,3.50kT,60µM,ED
599,21.0,3.50kT,60µM,ED
601,20.0,3.50kT,60µM,ED
632,19.0,3.50kT,60µM,ED
685,17.0,3.50kT,60µM,ED
686,15.0,3.50kT,60µM,ED
692,16.0,3.50kT,60µM,ED
727,14.0,3.50kT,60µM,ED
769,11.0,3.50kT,60µM,ED
771,12.0,3.50kT,60µM,ED
849,10.0,3.50kT,60µM,ED
856,9.0,3.50kT,60µM,ED
928,7.0,3.50kT,60µM,ED
933,8.0,3.50kT,60µM,ED
996,6.0,3.50kT,60µM,ED
1061,5.0,3.50kT,60µM,ED
1124,4.0,3.50kT,60µM,ED
1379,2.0,3.50kT,60µM,ED
1772,1.0,3.50kT,60µM,ED
1,2821.0,4.00kT,10µM,ED
2,2610.0,4.00kT,10µM,ED
3,2309.0,4.00kT,10µM,ED
4,2191.0,4.00kT,10µM,ED
5,2015.0,4.00kT,10µM,ED
6,1890.0,4.00kT,10µM,ED
7,1804.0,4.00kT,10µM,ED
8,1582.0,4.00kT,10µM,ED
9,1595.0,4.00kT,10µM,ED
10,1376.0,4.00kT,10µM,ED
11,1362.0,4.00kT,10µM,ED
12,1253.0,4.00kT,10µM,ED
13,1208.0,4.00kT,10µM,ED
14,1180.0,4.00kT,10µM,ED
15,1083.0,4.00kT,10µM,ED
16,1042.0,4.00kT,10µM,ED
17,930.0,4.00kT,10µM,ED
18,945.0,4.00kT,10µM,ED
19,829.0,4.00kT,10µM,ED
20,815.0,4.00kT,10µM,ED
21,780.0,4.00kT,10µM,ED
22,759.0,4.00kT,10µM,ED
23,717.0,4.00kT,10µM,ED
24,716.0,4.00kT,10µM,ED
25,692.0,4.00kT,10µM,ED
26,636.0,4.00kT,10µM,ED
27,588.0,4.00kT,10µM,ED
28,565.0,4.00kT,10µM,ED
30,530.0,4.00kT,10µM,ED
31,511.0,4.00kT,10µM,ED
32,524.0,4.00kT,10µM,ED
33,429.0,4.00kT,10µM,ED
34,486.0,4.00kT,10µM,ED
35,440.0,4.00kT,10µM,ED
36,432.0,4.00kT,10µM,ED
37,389.0,4.00kT,10µM,ED
38,390.0,4.00kT,10µM,ED
40,350.0,4.00kT,10µM,ED
42,303.0,4.00kT,10µM,ED
43,293.0,4.00kT,10µM,ED
44,295.0,4.00kT,10µM,ED
45,304.0,4.00kT,10µM,ED
46,292.0,4.00kT,10µM,ED
47,287.0,4.00kT,10µM,ED
48,280.0,4.00kT,10µM,ED
49,283.0,4.00kT,10µM,ED
50,253.0,4.00kT,10µM,ED
51,257.0,4.00kT,10µM,ED
52,210.0,4.00kT,10µM,ED
53,221.0,4.00kT,10µM,ED
54,231.0,4.00kT,10µM,ED
55,193.0,4.00kT,10µM,ED
56,222.0,4.00kT,10µM,ED
57,217.0,4.00kT,10µM,ED
59,206.0,4.00kT,10µM,ED
60,177.0,4.00kT,10µM,ED
62,183.0,4.00kT,10µM,ED
63,179.0,4.00kT,10µM,ED
64,182.0,4.00kT,10µM,ED
65,166.0,4.00kT,10µM,ED
66,150.0,4.00kT,10µM,ED
67,149.0,4.00kT,10µM,ED
68,157.0,4.00kT,10µM,ED
69,151.0,4.00kT,10µM,ED
70,156.0,4.00kT,10µM,ED
71,154.0,4.00kT,10µM,ED
73,146.0,4.00kT,10µM,ED
74,135.0,4.00kT,10µM,ED
75,117.0,4.00kT,10µM,ED
76,118.0,4.00kT,10µM,ED
77,124.0,4.00kT,10µM,ED
78,125.0,4.00kT,10µM,ED
80,126.0,4.00kT,10µM,ED
81,113.0,4.00kT,10µM,ED
82,109.0,4.00kT,10µM,ED
84,107.0,4.00kT,10µM,ED
85,112.0,4.00kT,10µM,ED
89,101.0,4.00kT,10µM,ED
90,105.0,4.00kT,10µM,ED
91,102.0,4.00kT,10µM,ED
95,93.0,4.00kT,10µM,ED
96,88.0,4.00kT,10µM,ED
98,83.0,4.00kT,10µM,ED
104,90.0,4.00kT,10µM,ED
105,79.0,4.00kT,10µM,ED
106,96.0,4.00kT,10µM,ED
107,77.0,4.00kT,10µM,ED
109,71.0,4.00kT,10µM,ED
110,81.0,4.00kT,10µM,ED
112,74.0,4.00kT,10µM,ED
113,80.0,4.00kT,10µM,ED
118,70.0,4.00kT,10µM,ED
120,66.0,4.00kT,10µM,ED
121,67.0,4.00kT,10µM,ED
124,63.0,4.00kT,10µM,ED
125,73.0,4.00kT,10µM,ED
128,61.0,4.00kT,10µM,ED
130,64.0,4.00kT,10µM,ED
132,53.0,4.00kT,10µM,ED
134,51.0,4.00kT,10µM,ED
141,52.0,4.00kT,10µM,ED
145,49.0,4.00kT,10µM,ED
147,54.0,4.00kT,10µM,ED
153,47.0,4.00kT,10µM,ED
157,45.0,4.00kT,10µM,ED
158,50.0,4.00kT,10µM,ED
159,44.0,4.00kT,10µM,ED
163,36.0,4.00kT,10µM,ED
170,39.0,4.00kT,10µM,ED
179,46.0,4.00kT,10µM,ED
180,37.0,4.00kT,10µM,ED
186,35.0,4.00kT,10µM,ED
191,32.0,4.00kT,10µM,ED
194,34.0,4.00kT,10µM,ED
196,33.0,4.00kT,10µM,ED
197,38.0,4.00kT,10µM,ED
208,26.0,4.00kT,10µM,ED
211,29.0,4.00kT,10µM,ED
212,21.0,4.00kT,10µM,ED
215,30.0,4.00kT,10µM,ED
234,25.0,4.00kT,10µM,ED
235,23.0,4.00kT,10µM,ED
239,22.0,4.00kT,10µM,ED
250,17.0,4.00kT,10µM,ED
257,20.0,4.00kT,10µM,ED
267,14.0,4.00kT,10µM,ED
270,18.0,4.00kT,10µM,ED
280,19.0,4.00kT,10µM,ED
284,15.0,4.00kT,10µM,ED
308,16.0,4.00kT,10µM,ED
311,12.0,4.00kT,10µM,ED
336,13.0,4.00kT,10µM,ED
361,11.0,4.00kT,10µM,ED
363,10.0,4.00kT,10µM,ED
380,9.0,4.00kT,10µM,ED
487,7.0,4.00kT,10µM,ED
488,6.0,4.00kT,10µM,ED
554,5.0,4.00kT,10µM,ED
624,4.0,4.00kT,10µM,ED
759,3.0,4.00kT,10µM,ED
929,2.0,4.00kT,10µM,ED
1385,1.0,4.00kT,10µM,ED
1,3106.0,4.00kT,20µM,ED
2,2672.0,4.00kT,20µM,ED
3,2486.0,4.00kT,20µM,ED
4,2231.0,4.00kT,20µM,ED
5,2135.0,4.00kT,20µM,ED
6,2046.0,4.00kT,20µM,ED
7,1890.0,4.00kT,20µM,ED
8,1788.0,4.00kT,20µM,ED
9,1749.0,4.00kT,20µM,ED
10,1523.0,4.00kT,20µM,ED
11,1462.0,4.00kT,20µM,ED
12,1376.0,4.00kT,20µM,ED
13,1308.0,4.00kT,20µM,ED
14,1278.0,4.00kT,20µM,ED
15,1179.0,4.00kT,20µM,ED
16,1138.0,4.00kT,20µM,ED
17,1084.0,4.00kT,20µM,ED
18,1011.0,4.00kT,20µM,ED
19,967.0,4.00kT,20µM,ED
20,934.0,4.00kT,20µM,ED
21,896.0,4.00kT,20µM,ED
22,859.0,4.00kT,20µM,ED
23,792.0,4.00kT,20µM,ED
24,744.0,4.00kT,20µM,ED
25,746.0,4.00kT,20µM,ED
26,734.0,4.00kT,20µM,ED
27,701.0,4.00kT,20µM,ED
28,666.0,4.00kT,20µM,ED
29,625.0,4.00kT,20µM,ED
30,594.0,4.00kT,20µM,ED
31,600.0,4.00kT,20µM,ED
32,550.0,4.00kT,20µM,ED
33,578.0,4.00kT,20µM,ED
34,553.0,4.00kT,20µM,ED
35,499.0,4.00kT,20µM,ED
36,503.0,4.00kT,20µM,ED
37,455.0,4.00kT,20µM,ED
38,463.0,4.00kT,20µM,ED
39,444.0,4.00kT,20µM,ED
40,392.0,4.00kT,20µM,ED
41,404.0,4.00kT,20µM,ED
42,422.0,4.00kT,20µM,ED
43,375.0,4.00kT,20µM,ED
44,355.0,4.00kT,20µM,ED
45,379.0,4.00kT,20µM,ED
46,337.0,4.00kT,20µM,ED
47,341.0,4.00kT,20µM,ED
48,316.0,4.00kT,20µM,ED
49,336.0,4.00kT,20µM,ED
50,323.0,4.00kT,20µM,ED
51,283.0,4.00kT,20µM,ED
52,315.0,4.00kT,20µM,ED
53,259.0,4.00kT,20µM,ED
54,292.0,4.00kT,20µM,ED
55,276.0,4.00kT,20µM,ED
56,245.0,4.00kT,20µM,ED
57,256.0,4.00kT,20µM,ED
58,238.0,4.00kT,20µM,ED
59,270.0,4.00kT,20µM,ED
60,261.0,4.00kT,20µM,ED
61,257.0,4.00kT,20µM,ED
62,253.0,4.00kT,20µM,ED
63,208.0,4.00kT,20µM,ED
64,220.0,4.00kT,20µM,ED
66,234.0,4.00kT,20µM,ED
67,189.0,4.00kT,20µM,ED
68,179.0,4.00kT,20µM,ED
69,216.0,4.00kT,20µM,ED
70,217.0,4.00kT,20µM,ED
71,185.0,4.00kT,20µM,ED
72,182.0,4.00kT,20µM,ED
73,160.0,4.00kT,20µM,ED
74,165.0,4.00kT,20µM,ED
76,175.0,4.00kT,20µM,ED
78,163.0,4.00kT,20µM,ED
80,150.0,4.00kT,20µM,ED
81,166.0,4.00kT,20µM,ED
82,156.0,4.00kT,20µM,ED
83,134.0,4.00kT,20µM,ED
84,148.0,4.00kT,20µM,ED
85,142.0,4.00kT,20µM,ED
86,127.0,4.00kT,20µM,ED
87,126.0,4.00kT,20µM,ED
88,161.0,4.00kT,20µM,ED
89,135.0,4.00kT,20µM,ED
90,120.0,4.00kT,20µM,ED
91,131.0,4.00kT,20µM,ED
92,146.0,4.00kT,20µM,ED
93,117.0,4.00kT,20µM,ED
94,114.0,4.00kT,20µM,ED
95,118.0,4.00kT,20µM,ED
97,121.0,4.00kT,20µM,ED
98,116.0,4.00kT,20µM,ED
100,111.0,4.00kT,20µM,ED
101,119.0,4.00kT,20µM,ED
102,125.0,4.00kT,20µM,ED
103,113.0,4.00kT,20µM,ED
104,105.0,4.00kT,20µM,ED
105,124.0,4.00kT,20µM,ED
106,112.0,4.00kT,20µM,ED
108,87.0,4.00kT,20µM,ED
109,115.0,4.00kT,20µM,ED
110,108.0,4.00kT,20µM,ED
111,103.0,4.00kT,20µM,ED
112,100.0,4.00kT,20µM,ED
115,98.0,4.00kT,20µM,ED
117,97.0,4.00kT,20µM,ED
118,71.0,4.00kT,20µM,ED
121,83.0,4.00kT,20µM,ED
123,84.0,4.00kT,20µM,ED
124,93.0,4.00kT,20µM,ED
125,82.0,4.00kT,20µM,ED
126,96.0,4.00kT,20µM,ED
132,74.0,4.00kT,20µM,ED
134,88.0,4.00kT,20µM,ED
136,70.0,4.00kT,20µM,ED
139,73.0,4.00kT,20µM,ED
141,81.0,4.00kT,20µM,ED
144,62.0,4.00kT,20µM,ED
146,67.0,4.00kT,20µM,ED
147,72.0,4.00kT,20µM,ED
149,64.0,4.00kT,20µM,ED
154,56.0,4.00kT,20µM,ED
156,60.0,4.00kT,20µM,ED
160,68.0,4.00kT,20µM,ED
161,61.0,4.00kT,20µM,ED
164,63.0,4.00kT,20µM,ED
168,54.0,4.00kT,20µM,ED
171,58.0,4.00kT,20µM,ED
172,49.0,4.00kT,20µM,ED
173,39.0,4.00kT,20µM,ED
175,53.0,4.00kT,20µM,ED
177,52.0,4.00kT,20µM,ED
183,47.0,4.00kT,20µM,ED
186,59.0,4.00kT,20µM,ED
189,50.0,4.00kT,20µM,ED
195,44.0,4.00kT,20µM,ED
203,41.0,4.00kT,20µM,ED
208,51.0,4.00kT,20µM,ED
211,55.0,4.00kT,20µM,ED
213,45.0,4.00kT,20µM,ED
216,37.0,4.00kT,20µM,ED
217,40.0,4.00kT,20µM,ED
218,32.0,4.00kT,20µM,ED
223,35.0,4.00kT,20µM,ED
224,42.0,4.00kT,20µM,ED
231,36.0,4.00kT,20µM,ED
239,33.0,4.00kT,20µM,ED
245,38.0,4.00kT,20µM,ED
257,31.0,4.00kT,20µM,ED
270,29.0,4.00kT,20µM,ED
273,30.0,4.00kT,20µM,ED
283,28.0,4.00kT,20µM,ED
286,25.0,4.00kT,20µM,ED
290,27.0,4.00kT,20µM,ED
306,24.0,4.00kT,20µM,ED
310,20.0,4.00kT,20µM,ED
319,22.0,4.00kT,20µM,ED
325,21.0,4.00kT,20µM,ED
326,23.0,4.00kT,20µM,ED
334,17.0,4.00kT,20µM,ED
385,18.0,4.00kT,20µM,ED
434,13.0,4.00kT,20µM,ED
492,11.0,4.00kT,20µM,ED
539,9.0,4.00kT,20µM,ED
556,10.0,4.00kT,20µM,ED
619,8.0,4.00kT,20µM,ED
675,7.0,4.00kT,20µM,ED
849,5.0,4.00kT,20µM,ED
931,4.0,4.00kT,20µM,ED
1443,2.0,4.00kT,20µM,ED
2068,1.0,4.00kT,20µM,ED
1,2340.0,4.00kT,40µM,ED
2,2176.0,4.00kT,40µM,ED
3,2021.0,4.00kT,40µM,ED
4,1851.0,4.00kT,40µM,ED
5,1803.0,4.00kT,40µM,ED
6,1815.0,4.00kT,40µM,ED
7,1643.0,4.00kT,40µM,ED
8,1524.0,4.00kT,40µM,ED
9,1554.0,4.00kT,40µM,ED
10,1484.0,4.00kT,40µM,ED
11,1349.0,4.00kT,40µM,ED
12,1308.0,4.00kT,40µM,ED
13,1242.0,4.00kT,40µM,ED
14,1229.0,4.00kT,40µM,ED
15,1197.0,4.00kT,40µM,ED
16,1120.0,4.00kT,40µM,ED
17,1063.0,4.00kT,40µM,ED
18,1088.0,4.00kT,40µM,ED
19,1035.0,4.00kT,40µM,ED
20,984.0,4.00kT,40µM,ED
21,1001.0,4.00kT,40µM,ED
22,920.0,4.00kT,40µM,ED
23,954.0,4.00kT,40µM,ED
24,892.0,4.00kT,40µM,ED
25,947.0,4.00kT,40µM,ED
26,866.0,4.00kT,40µM,ED
27,825.0,4.00kT,40µM,ED
28,799.0,4.00kT,40µM,ED
29,790.0,4.00kT,40µM,ED
30,755.0,4.00kT,40µM,ED
31,775.0,4.00kT,40µM,ED
32,768.0,4.00kT,40µM,ED
33,739.0,4.00kT,40µM,ED
35,672.0,4.00kT,40µM,ED
38,610.0,4.00kT,40µM,ED
39,639.0,4.00kT,40µM,ED
40,598.0,4.00kT,40µM,ED
41,642.0,4.00kT,40µM,ED
43,575.0,4.00kT,40µM,ED
44,627.0,4.00kT,40µM,ED
45,607.0,4.00kT,40µM,ED
46,555.0,4.00kT,40µM,ED
47,545.0,4.00kT,40µM,ED
48,515.0,4.00kT,40µM,ED
49,556.0,4.00kT,40µM,ED
50,540.0,4.00kT,40µM,ED
51,495.0,4.00kT,40µM,ED
52,503.0,4.00kT,40µM,ED
53,490.0,4.00kT,40µM,ED
54,451.0,4.00kT,40µM,ED
55,465.0,4.00kT,40µM,ED
56,468.0,4.00kT,40µM,ED
57,471.0,4.00kT,40µM,ED
58,439.0,4.00kT,40µM,ED
59,431.0,4.00kT,40µM,ED
60,442.0,4.00kT,40µM,ED
62,414.0,4.00kT,40µM,ED
63,402.0,4.00kT,40µM,ED
64,418.0,4.00kT,40µM,ED
66,384.0,4.00kT,40µM,ED
67,374.0,4.00kT,40µM,ED
69,375.0,4.00kT,40µM,ED
70,354.0,4.00kT,40µM,ED
71,373.0,4.00kT,40µM,ED
72,360.0,4.00kT,40µM,ED
73,356.0,4.00kT,40µM,ED
74,342.0,4.00kT,40µM,ED
75,339.0,4.00kT,40µM,ED
76,364.0,4.00kT,40µM,ED
77,327.0,4.00kT,40µM,ED
79,310.0,4.00kT,40µM,ED
80,323.0,4.00kT,40µM,ED
81,322.0,4.00kT,40µM,ED
83,273.0,4.00kT,40µM,ED
84,302.0,4.00kT,40µM,ED
85,308.0,4.00kT,40µM,ED
86,271.0,4.00kT,40µM,ED
87,293.0,4.00kT,40µM,ED
88,289.0,4.00kT,40µM,ED
90,272.0,4.00kT,40µM,ED
91,243.0,4.00kT,40µM,ED
92,266.0,4.00kT,40µM,ED
93,294.0,4.00kT,40µM,ED
94,254.0,4.00kT,40µM,ED
95,276.0,4.00kT,40µM,ED
96,280.0,4.00kT,40µM,ED
97,233.0,4.00kT,40µM,ED
98,269.0,4.00kT,40µM,ED
100,263.0,4.00kT,40µM,ED
102,255.0,4.00kT,40µM,ED
103,253.0,4.00kT,40µM,ED
104,229.0,4.00kT,40µM,ED
105,228.0,4.00kT,40µM,ED
107,226.0,4.00kT,40µM,ED
108,237.0,4.00kT,40µM,ED
109,235.0,4.00kT,40µM,ED
110,232.0,4.00kT,40µM,ED
111,215.0,4.00kT,40µM,ED
112,210.0,4.00kT,40µM,ED
114,201.0,4.00kT,40µM,ED
115,225.0,4.00kT,40µM,ED
116,199.0,4.00kT,40µM,ED
119,183.0,4.00kT,40µM,ED
120,205.0,4.00kT,40µM,ED
122,166.0,4.00kT,40µM,ED
123,182.0,4.00kT,40µM,ED
124,204.0,4.00kT,40µM,ED
125,156.0,4.00kT,40µM,ED
126,200.0,4.00kT,40µM,ED
127,178.0,4.00kT,40µM,ED
128,173.0,4.00kT,40µM,ED
129,181.0,4.00kT,40µM,ED
135,164.0,4.00kT,40µM,ED
136,163.0,4.00kT,40µM,ED
137,157.0,4.00kT,40µM,ED
139,155.0,4.00kT,40µM,ED
140,158.0,4.00kT,40µM,ED
141,171.0,4.00kT,40µM,ED
143,153.0,4.00kT,40µM,ED
145,143.0,4.00kT,40µM,ED
146,130.0,4.00kT,40µM,ED
147,148.0,4.00kT,40µM,ED
148,169.0,4.00kT,40µM,ED
149,120.0,4.00kT,40µM,ED
150,151.0,4.00kT,40µM,ED
151,160.0,4.00kT,40µM,ED
154,152.0,4.00kT,40µM,ED
156,145.0,4.00kT,40µM,ED
157,131.0,4.00kT,40µM,ED
163,125.0,4.00kT,40µM,ED
164,139.0,4.00kT,40µM,ED
169,133.0,4.00kT,40µM,ED
170,137.0,4.00kT,40µM,ED
173,123.0,4.00kT,40µM,ED
174,110.0,4.00kT,40µM,ED
175,121.0,4.00kT,40µM,ED
177,115.0,4.00kT,40µM,ED
178,109.0,4.00kT,40µM,ED
179,101.0,4.00kT,40µM,ED
181,117.0,4.00kT,40µM,ED
184,98.0,4.00kT,40µM,ED
185,111.0,4.00kT,40µM,ED
192,122.0,4.00kT,40µM,ED
195,108.0,4.00kT,40µM,ED
198,107.0,4.00kT,40µM,ED
201,95.0,4.00kT,40µM,ED
203,92.0,4.00kT,40µM,ED
204,88.0,4.00kT,40µM,ED
205,79.0,4.00kT,40µM,ED
207,105.0,4.00kT,40µM,ED
208,83.0,4.00kT,40µM,ED
211,90.0,4.00kT,40µM,ED
215,94.0,4.00kT,40µM,ED
216,91.0,4.00kT,40µM,ED
217,84.0,4.00kT,40µM,ED
224,75.0,4.00kT,40µM,ED
226,73.0,4.00kT,40µM,ED
232,76.0,4.00kT,40µM,ED
236,69.0,4.00kT,40µM,ED
240,68.0,4.00kT,40µM,ED
241,78.0,4.00kT,40µM,ED
249,74.0,4.00kT,40µM,ED
250,64.0,4.00kT,40µM,ED
251,67.0,4.00kT,40µM,ED
252,80.0,4.00kT,40µM,ED
253,70.0,4.00kT,40µM,ED
256,77.0,4.00kT,40µM,ED
262,52.0,4.00kT,40µM,ED
264,63.0,4.00kT,40µM,ED
267,59.0,4.00kT,40µM,ED
275,60.0,4.00kT,40µM,ED
276,54.0,4.00kT,40µM,ED
277,61.0,4.00kT,40µM,ED
280,62.0,4.00kT,40µM,ED
293,53.0,4.00kT,40µM,ED
295,45.0,4.00kT,40µM,ED
297,49.0,4.00kT,40µM,ED
298,51.0,4.00kT,40µM,ED
301,50.0,4.00kT,40µM,ED
302,48.0,4.00kT,40µM,ED
307,47.0,4.00kT,40µM,ED
310,58.0,4.00kT,40µM,ED
315,44.0,4.00kT,40µM,ED
316,42.0,4.00kT,40µM,ED
322,46.0,4.00kT,40µM,ED
330,40.0,4.00kT,40µM,ED
332,41.0,4.00kT,40µM,ED
340,39.0,4.00kT,40µM,ED
347,43.0,4.00kT,40µM,ED
350,36.0,4.00kT,40µM,ED
351,35.0,4.00kT,40µM,ED
360,38.0,4.00kT,40µM,ED
378,34.0,4.00kT,40µM,ED
387,33.0,4.00kT,40µM,ED
404,32.0,4.00kT,40µM,ED
417,29.0,4.00kT,40µM,ED
435,31.0,4.00kT,40µM,ED
448,26.0,4.00kT,40µM,ED
494,23.0,4.00kT,40µM,ED
523,21.0,4.00kT,40µM,ED
534,22.0,4.00kT,40µM,ED
535,20.0,4.00kT,40µM,ED
542,19.0,4.00kT,40µM,ED
581,17.0,4.00kT,40µM,ED
637,15.0,4.00kT,40µM,ED
648,16.0,4.00kT,40µM,ED
656,14.0,4.00kT,40µM,ED
683,13.0,4.00kT,40µM,ED
705,12.0,4.00kT,40µM,ED
767,11.0,4.00kT,40µM,ED
795,10.0,4.00kT,40µM,ED
810,9.0,4.00kT,40µM,ED
923,8.0,4.00kT,40µM,ED
1001,7.0,4.00kT,40µM,ED
1092,6.0,4.00kT,40µM,ED
1176,5.0,4.00kT,40µM,ED
1519,3.0,4.00kT,40µM,ED
1866,2.0,4.00kT,40µM,ED
2614,1.0,4.00kT,40µM,ED
1,2464.0,4.00kT,60µM,ED
2,2257.0,4.00kT,60µM,ED
3,2086.0,4.00kT,60µM,ED
4,1964.0,4.00kT,60µM,ED
5,1769.0,4.00kT,60µM,ED
6,1796.0,4.00kT,60µM,ED
7,1675.0,4.00kT,60µM,ED
8,1700.0,4.00kT,60µM,ED
9,1577.0,4.00kT,60µM,ED
10,1500.0,4.00kT,60µM,ED
11,1451.0,4.00kT,60µM,ED
12,1368.0,4.00kT,60µM,ED
13,1372.0,4.00kT,60µM,ED
14,1225.0,4.00kT,60µM,ED
15,1222.0,4.00kT,60µM,ED
16,1175.0,4.00kT,60µM,ED
17,1122.0,4.00kT,60µM,ED
18,1139.0,4.00kT,60µM,ED
19,1056.0,4.00kT,60µM,ED
20,1073.0,4.00kT,60µM,ED
21,1044.0,4.00kT,60µM,ED
22,1013.0,4.00kT,60µM,ED
23,994.0,4.00kT,60µM,ED
24,892.0,4.00kT,60µM,ED
25,945.0,4.00kT,60µM,ED
26,871.0,4.00kT,60µM,ED
27,818.0,4.00kT,60µM,ED
28,878.0,4.00kT,60µM,ED
29,786.0,4.00kT,60µM,ED
30,826.0,4.00kT,60µM,ED
31,802.0,4.00kT,60µM,ED
32,736.0,4.00kT,60µM,ED
33,795.0,4.00kT,60µM,ED
34,780.0,4.00kT,60µM,ED
35,712.0,4.00kT,60µM,ED
36,713.0,4.00kT,60µM,ED
37,719.0,4.00kT,60µM,ED
38,675.0,4.00kT,60µM,ED
39,669.0,4.00kT,60µM,ED
40,642.0,4.00kT,60µM,ED
41,625.0,4.00kT,60µM,ED
42,627.0,4.00kT,60µM,ED
43,634.0,4.00kT,60µM,ED
44,603.0,4.00kT,60µM,ED
45,643.0,4.00kT,60µM,ED
46,574.0,4.00kT,60µM,ED
47,585.0,4.00kT,60µM,ED
48,571.0,4.00kT,60µM,ED
49,534.0,4.00kT,60µM,ED
50,541.0,4.00kT,60µM,ED
51,577.0,4.00kT,60µM,ED
52,550.0,4.00kT,60µM,ED
53,537.0,4.00kT,60µM,ED
54,539.0,4.00kT,60µM,ED
56,527.0,4.00kT,60µM,ED
57,490.0,4.00kT,60µM,ED
58,497.0,4.00kT,60µM,ED
59,469.0,4.00kT,60µM,ED
60,499.0,4.00kT,60µM,ED
62,443.0,4.00kT,60µM,ED
63,406.0,4.00kT,60µM,ED
64,426.0,4.00kT,60µM,ED
65,445.0,4.00kT,60µM,ED
66,435.0,4.00kT,60µM,ED
67,446.0,4.00kT,60µM,ED
69,408.0,4.00kT,60µM,ED
70,425.0,4.00kT,60µM,ED
71,395.0,4.00kT,60µM,ED
72,377.0,4.00kT,60µM,ED
73,394.0,4.00kT,60µM,ED
74,393.0,4.00kT,60µM,ED
76,401.0,4.00kT,60µM,ED
77,407.0,4.00kT,60µM,ED
78,335.0,4.00kT,60µM,ED
79,370.0,4.00kT,60µM,ED
80,392.0,4.00kT,60µM,ED
81,358.0,4.00kT,60µM,ED
82,331.0,4.00kT,60µM,ED
83,351.0,4.00kT,60µM,ED
84,365.0,4.00kT,60µM,ED
85,322.0,4.00kT,60µM,ED
86,312.0,4.00kT,60µM,ED
87,288.0,4.00kT,60µM,ED
89,336.0,4.00kT,60µM,ED
91,328.0,4.00kT,60µM,ED
92,333.0,4.00kT,60µM,ED
94,304.0,4.00kT,60µM,ED
95,313.0,4.00kT,60µM,ED
96,275.0,4.00kT,60µM,ED
97,334.0,4.00kT,60µM,ED
98,279.0,4.00kT,60µM,ED
99,282.0,4.00kT,60µM,ED
100,283.0,4.00kT,60µM,ED
101,248.0,4.00kT,60µM,ED
102,252.0,4.00kT,60µM,ED
103,253.0,4.00kT,60µM,ED
105,293.0,4.00kT,60µM,ED
106,290.0,4.00kT,60µM,ED
108,257.0,4.00kT,60µM,ED
109,259.0,4.00kT,60µM,ED
110,256.0,4.00kT,60µM,ED
111,242.0,4.00kT,60µM,ED
113,247.0,4.00kT,60µM,ED
116,245.0,4.00kT,60µM,ED
117,232.0,4.00kT,60µM,ED
118,268.0,4.00kT,60µM,ED
119,217.0,4.00kT,60µM,ED
120,222.0,4.00kT,60µM,ED
123,238.0,4.00kT,60µM,ED
125,224.0,4.00kT,60µM,ED
127,203.0,4.00kT,60µM,ED
130,215.0,4.00kT,60µM,ED
131,209.0,4.00kT,60µM,ED
132,190.0,4.00kT,60µM,ED
133,185.0,4.00kT,60µM,ED
134,193.0,4.00kT,60µM,ED
135,176.0,4.00kT,60µM,ED
138,213.0,4.00kT,60µM,ED
139,197.0,4.00kT,60µM,ED
142,184.0,4.00kT,60µM,ED
143,172.0,4.00kT,60µM,ED
145,188.0,4.00kT,60µM,ED
146,150.0,4.00kT,60µM,ED
147,208.0,4.00kT,60µM,ED
148,179.0,4.00kT,60µM,ED
150,169.0,4.00kT,60µM,ED
155,180.0,4.00kT,60µM,ED
156,152.0,4.00kT,60µM,ED
157,168.0,4.00kT,60µM,ED
159,147.0,4.00kT,60µM,ED
160,158.0,4.00kT,60µM,ED
164,171.0,4.00kT,60µM,ED
166,160.0,4.00kT,60µM,ED
167,166.0,4.00kT,60µM,ED
169,136.0,4.00kT,60µM,ED
172,144.0,4.00kT,60µM,ED
175,143.0,4.00kT,60µM,ED
178,129.0,4.00kT,60µM,ED
179,135.0,4.00kT,60µM,ED
180,131.0,4.00kT,60µM,ED
182,120.0,4.00kT,60µM,ED
183,127.0,4.00kT,60µM,ED
184,122.0,4.00kT,60µM,ED
185,106.0,4.00kT,60µM,ED
188,132.0,4.00kT,60µM,ED
189,128.0,4.00kT,60µM,ED
190,110.0,4.00kT,60µM,ED
191,118.0,4.00kT,60µM,ED
193,109.0,4.00kT,60µM,ED
194,138.0,4.00kT,60µM,ED
196,126.0,4.00kT,60µM,ED
197,111.0,4.00kT,60µM,ED
199,117.0,4.00kT,60µM,ED
204,108.0,4.00kT,60µM,ED
205,113.0,4.00kT,60µM,ED
208,115.0,4.00kT,60µM,ED
209,119.0,4.00kT,60µM,ED
210,107.0,4.00kT,60µM,ED
211,104.0,4.00kT,60µM,ED
214,93.0,4.00kT,60µM,ED
217,103.0,4.00kT,60µM,ED
218,114.0,4.00kT,60µM,ED
222,94.0,4.00kT,60µM,ED
227,89.0,4.00kT,60µM,ED
228,92.0,4.00kT,60µM,ED
231,87.0,4.00kT,60µM,ED
236,90.0,4.00kT,60µM,ED
239,80.0,4.00kT,60µM,ED
242,91.0,4.00kT,60µM,ED
243,85.0,4.00kT,60µM,ED
246,88.0,4.00kT,60µM,ED
248,77.0,4.00kT,60µM,ED
254,86.0,4.00kT,60µM,ED
258,76.0,4.00kT,60µM,ED
260,78.0,4.00kT,60µM,ED
264,75.0,4.00kT,60µM,ED
271,71.0,4.00kT,60µM,ED
275,74.0,4.00kT,60µM,ED
277,81.0,4.00kT,60µM,ED
280,72.0,4.00kT,60µM,ED
285,66.0,4.00kT,60µM,ED
292,65.0,4.00kT,60µM,ED
293,62.0,4.00kT,60µM,ED
295,61.0,4.00kT,60µM,ED
313,68.0,4.00kT,60µM,ED
314,58.0,4.00kT,60µM,ED
323,60.0,4.00kT,60µM,ED
325,55.0,4.00kT,60µM,ED
326,47.0,4.00kT,60µM,ED
328,59.0,4.00kT,60µM,ED
333,51.0,4.00kT,60µM,ED
335,53.0,4.00kT,60µM,ED
340,54.0,4.00kT,60µM,ED
357,57.0,4.00kT,60µM,ED
361,49.0,4.00kT,60µM,ED
363,48.0,4.00kT,60µM,ED
367,43.0,4.00kT,60µM,ED
368,45.0,4.00kT,60µM,ED
371,52.0,4.00kT,60µM,ED
392,42.0,4.00kT,60µM,ED
393,38.0,4.00kT,60µM,ED
396,46.0,4.00kT,60µM,ED
402,36.0,4.00kT,60µM,ED
410,40.0,4.00kT,60µM,ED
423,37.0,4.00kT,60µM,ED
433,34.0,4.00kT,60µM,ED
434,35.0,4.00kT,60µM,ED
435,39.0,4.00kT,60µM,ED
471,32.0,4.00kT,60µM,ED
485,28.0,4.00kT,60µM,ED
489,27.0,4.00kT,60µM,ED
490,30.0,4.00kT,60µM,ED
515,26.0,4.00kT,60µM,ED
530,24.0,4.00kT,60µM,ED
534,29.0,4.00kT,60µM,ED
549,25.0,4.00kT,60µM,ED
570,23.0,4.00kT,60µM,ED
611,21.0,4.00kT,60µM,ED
641,20.0,4.00kT,60µM,ED
642,19.0,4.00kT,60µM,ED
706,18.0,4.00kT,60µM,ED
739,17.0,4.00kT,60µM,ED
827,15.0,4.00kT,60µM,ED
869,13.0,4.00kT,60µM,ED
898,12.0,4.00kT,60µM,ED
1038,10.0,4.00kT,60µM,ED
1060,9.0,4.00kT,60µM,ED
1277,7.0,4.00kT,60µM,ED
1361,6.0,4.00kT,60µM,ED
1563,5.0,4.00kT,60µM,ED
1680,4.0,4.00kT,60µM,ED
1946,3.0,4.00kT,60µM,ED
2321,2.0,4.00kT,60µM,ED
3234,1.0,4.00kT,60µM,ED
